,,,,,,,,,,,,,,,,,,,,,,,,,,,,,,,,,,,,,,,,,,,,,,,,,,,,,,,,,,,,,,,,,,,,,,,,,,,,,,,,,,,,,,,,,,,,,,,,,,,,,,,,,,,,,,,,,,,,,,,,,,,,,,,
,,,,,,,,,,,,,,,,,,,,,,,,,,,,,,,,,,,,,,,,,,,,,,,,,,,,,,,,,,,,,,,,,,,,,,,,,,,,,,,,,,,,,,,,,,,,,,,,,,,,,,,,,,,,,,,,,,,,,,,,,,,,,,,
,,,,,,,,,,,,,,,,,,,,,,,,,,,,,,,,,,,,,,,,,,,,,,,,,,,,,,,,,,,,,,,,,,,,,,,,,,,,,,,,,,,,,,,,,,,,,,,,,,,,,,,,,,,,,,,,,,,,,,,,,,,,,,,
,,,,,,,,,,,,,,,,,,,,,,,,,,,,,,,,,,,,,,,,,,,,,,,,,,,,,,,,,,,,,,,,,,,,,,,,,,,,,,,,,,,,,,,,,,,,,,,,,,,,,,,,,,,,,,,,,,,,,,,,,,,,,,,
,,,,,,,,,,,,,,,,,,,,,,,,,,,,,,,,,,,,,,,,,,,,,,,,,,,,,,,,,,,,,,,,,,,,,,,,,,,,,,,,,,,,,,,,,,,,,,,,,,,,,,,,,,,,,,,,,,,,,,,,,,,,,,,
,,,,,,,,,,,,,,,,,,,,,,,,,,,,,,,,,,,,,,,,,,,,,,,,,,,,,,,,,,,,,,,,,,,,,,,,,,,,,,,,,,,,,,,,,,,,,,,,,,,,,,,,,,,,,,,,,,,,,,,,,,,,,,,
,,,,,,,,,,,,,,,,,,,,,,,,,,,,,,,,,,,,,,,,,,,,,,,,,,,,,,,,,,,,,,,,,,,,,,,,,,,,,,,,,,,,,,,,,,,,,,,,,,,,,,,,,,,,,,,,,,,,,,,,,,,,,,,
,,,,,,,,,,,,,,,,,,,,,,,,,,,,,,,,,,,,,,,,,,,,,,,,,,,,,,,,,,,,,,,,,,,,,,,,,,,,,,,,,,,,,,,,,,,,,,,,,,,,,,,,,,,,,,,,,,,,,,,,,,,,,,,
,,,,,,,,,,,,,,,,,,,,,,,,,,,,,,,,,,,,,,,,,,,,,,,,,,,,,,,,,,,,,,,,,,,,,,,,,,,,,,,,,,,,,,,,,,,,,,,,,,,,,,,,,,,,,,,,,,,,,,,,,,,,,,,
,,,,,,,,,,,,,,,,,,,,,,,,,,,,,,,,,,,,,,,,,,,,,,,,,,,,,,,,,,,,,,,,,,,,,,,,,,,,,,,,,,,,,,,,,,,,,,,,,,,,,,,,,,,,,,,,,,,,,,,,,,,,,,,
,,,,,,,,,,,,,,,,,,,,,,,,,,,,,,,,,,,,,,,,,,,,,,,,,,,,,,,,,,,,,,,,,,,,,,,,,,,,,,,,,,,,,,,,,,,,,,,,,,,,,,,,,,,,,,,,,,,,,,,,,,,,,,,
,,,,,,,,,,,,,,,,,,,,,,,,,,,,,,,,,,,,,,,,,,,,,,,,,,,,,,,,,,,,,,,,,,,,,,,,,,,,,,,,,,,,,,,,,,,,,,,,,,,,,,,,,,,,,,,,,,,,,,,,,,,,,,,
,,,,,,,,,,,,,,,,,,,,,,,,,,,,,,,,,,,,,,,,,,,,,,,,,,,,,,,,,,,,,,,,,,,,,,,,,,,,,,,,,,,,,,,,,,,,,,,,,,,,,,,,,,,,,,,,,,,,,,,,,,,,,,,
,,,,,,,,,,,,,,,,,,,,,,,,,,,,,,,,,,,,,,,,,,,,,,,,,,,,,,,,,,,,,,,,,,,,,,,,,,,,,,,,,,,,,,,,,,,,,,,,,,,,,,,,,,,,,,,,,,,,,,,,,,,,,,,
,,,,,,,,,,,,,,,,,,,,,,,,,,,,,,,,,,,,,,,,,,,,,,,,,,,,,,,,,,,,,,,,,,,,,,,,,,,,,,,,,,,,,,,,,,,,,,,,,,,,,,,,,,,,,,,,,,,,,,,,,,,,,,,
,,,,,,,,,,,,,,,,,,,,,,,,,,,,,,,,,,,,,,,,,,,,,,,,,,,,,,,,,,,,,,,,,,,,,,,,,,,,,,,,,,,,,,,,,,,,,,,,,,,,,,,,,,,,,,,,,,,,,,,,,,,,,,,
,,,,,,,,,,,,,,,,,,,,,,,,,,,,,,,,,,,,,,,,,,,,,,,,,,,,,,,,,,,,,,,,,,,,,,,,,,,,,,,,,,,,,,,,,,,,,,,,,,,,,,,,,,,,,,,,,,,,,,,,,,,,,,,
,,,,,,,,,,,,,,,,,,,,,,,,,,,,,,,,,,,,,,,,,,,,,,,,,,,,,,,,,,,,,,,,,,,,,,,,,,,,,,,,,,,,,,,,,,,,,,,,,,,,,,,,,,,,,,,,,,,,,,,,,,,,,,,
,,,,,,,,,,,,,,,,,,,,,,,,,,,,,,,,,,,,,,,,,,,,,,,,,,,,,,,,,,,,,,,,,,,,,,,,,,,,,,,,,,,,,,,,,,,,,,,,,,,,,,,,,,,,,,,,,,,,,,,,,,,,,,,
,,,,,,,,,,,,,,,,,,,,,,,,,,,,,,,,,,,,,,,,,,,,,,,,,,,,,,,,,,,,,,,,,,,,,,,,,,,,,,,,,,,,,,,,,,,,,,,,,,,,,,,,,,,,,,,,,,,,,,,,,,,,,,,
,,,,,,,,,,,,,,,,,,,,,,,,,,,,,,,,,,,,,,,,,,,,,,,,,,,,,,,,,,,,,,,,,,,,,,,,,,,,,,,,,,,,,,,,,,,,,,,,,,,,,,,,,,,,,,,,,,,,,,,,,,,,,,,
,,,,,,,,,,,,,,,,,,,,,,,,,,,,,,,,,,,,,,,,,,,,,,,,,,,,,,,,,,,,,,,,,,,,,,,,,,,,,,,,,,,,,,,,,,,,,,,,,,,,,,,,,,,,,,,,,,,,,,,,,,,,,,,
,,,,,,,,,,,,,,,,,,,,,,,,,,,,,,,,,,,,,,,,,,,,,,,,,,,,,,,,,,,,,,,,,,,,,,,,,,,,,,,,,,,,,,,,,,,,,,,,,,,,,,,,,,,,,,,,,,,,,,,,,,,,,,,
,,,,,,,,,,,,,,,,,,,,,,,,,,,,,,,,,,,,,,,,,,,,,,,,,,,,,,,,,,,,,,,,,,,,,,,,,,,,,,,,,,,,,,,,,,,,,,,,,,,,,,,,,,,,,,,,,,,,,,,,,,,,,,,
,,,,,,,,,,,,,,,,,,,,,,,,,,,,,,,,,,,,,,,,,,,,,,,,,,,,,,,,,,,,,,,,,,,,,,,,,,,,,,,,,,,,,,,,,,,,,,,,,,,,,,,,,,,,,,,,,,,,,,,,,,,,,,,
,,,,,,,,,,,,,,,,,,,,,,,,,,,,,,,,,,,,,,,,,,,,,,,,,,,,,,,,,,,,,,,,,,,,,,,,,,,,,,,,,,,,,,,,,,,,,,,,,,,,,,,,,,,,,,,,,,,,,,,,,,,,,,,
,,,,,,,,,,,,,,,,,,,,,,,,,,,,,,,,,,,,,,,,,,,,,,,,,,,,,,,,,,,,,,,,,,,,,,,,,,,,,,,,,,,,,,,,,,,,,,,,,,,,,,,,,,,,,,,,,,,,,,,,,,,,,,,
,,,,,,,,,,,,,,,,,,,,,,,,,,,,,,,,,,,,,,,,,,,,,,,,,,,,,,,,,,,,,,,,,,,,,,,,,,,,,,,,,,,,,,,,,,,,,,,,,,,,,,,,,,,,,,,,,,,,,,,,,,,,,,,
,,,,,,,,,,,,,,,,,,,,,,,,,,,,,,,,,,,,,,,,,,,,,,,,,,,,,,,,,,,,,,,,,,,,,,,,,,,,,,,,,,,,,,,,,,,,,,,,,,,,,,,,,,,,,,,,,,,,,,,,,,,,,,,
,,,,,,,,,,,,,,,,,,,,,,,,,,,,,,,,,,,,,,,,,,,,,,,,,,,,,,,,,,,,,,,,,,,,,,,,,,,,,,,,,,,,,,,,,,,,,,,,,,,,,,,,,,,,,,,,,,,,,,,,,,,,,,,
,,,,,,,,,,,,,,,,,,,,,,,,,,,,,,,,,,,,,,,,,,,,,,,,,,,,,,,,,,,,,,,,,,,,,,,,,,,,,,,,,,,,,,,,,,,,,,,,,,,,,,,,,,,,,,,,,,,,,,,,,,,,,,,
,,,,,,,,,,,,,,,,,,,,,,,,,,,,,,,,,,,,,,,,,,,,,,,,,,,,,,,,,,,,,,,,,,,,,,,,,,,,,,,,,,,,,,,,,,,,,,,,,,,,,,,,,,,,,,,,,,,,,,,,,,,,,,,
,,,,,,,,,,,,,,,,,,,,,,,,,,,,,,,,,,,,,,,,,,,,,,,,,,,,,,,,,,,,,,,,,,,,,,,,,,,,,,,,,,,,,,,,,,,,,,,,,,,,,,,,,,,,,,,,,,,,,,,,,,,,,,,
,,,,,,,,,,,,,,,,,,,,,,,,,,,,,,,,,,,,,,,,,,,,,,,,,,,,,,,,,,,,,,,,,,,,,,,,,,,,,,,,,,,,,,,,,,,,,,,,,,,,,,,,,,,,,,,,,,,,,,,,,,,,,,,
,,,,,,,,,,,,,,,,,,,,,,,,,,,,,,,,,,,,,,,,,,,,,,,,,,,,,,,,,,,,,,,,,,,,,,,,,,,,,,,,,,,,,,,,,,,,,,,,,,,,,,,,,,,,,,,,,,,,,,,,,,,,,,,
,,,,,,,,,,,,,,,,,,,,,,,,,,,,,,,,,,,,,,,,,,,,,,,,,,,,,,,,,,,,,,,,,,,,,,,,,,,,,,,,,,,,,,,,,,,,,,,,,,,,,,,,,,,,,,,,,,,,,,,,,,,,,,,
,,,,,,,,,,,,,,,,,,,,,,,,,,,,,,,,,,,,,,,,,,,,,,,,,,,,,,,,,,,,,,,,,,,,,,,,,,,,,,,,,,,,,,,,,,,,,,,,,,,,,,,,,,,,,,,,,,,,,,,,,,,,,,,
,,,,,,,,,,,,,,,,,,,,,,,,,,,,,,,,,,,,,,,,,,,,,,,,,,,,,,,103548.05407861774,131788.43246369532,,,,,,,47067.297308462614,84721.13515523271,,,,,,,,,,,,,,,,,,,,,,,,,,,,,,,,,,,,,,,,,,,,,,,,,,,,,,,,,,,,,,,
,,,,,,,,,,,,,,,,,,,,,,,,,,,,,,,,,,,,,,,,,,,,,,,,,,,,,,56480.75677015514,75307.67569354018,84721.13515523271,112961.51354031028,,,,94134.59461692523,75307.67569354018,56480.75677015514,160028.81084877288,65894.21623184766,,,,,,,,,,,,,,,,,,,,,,,,,,,,,,,,,,,,,,,,,,,,,,,,,,,,,,,,,,,,,,
,,,,,,,,,,,,,,,,,,,,,,,,,,,,,,,,,,,,,,,,,,,,,,,,,,,,,65894.21623184766,112961.51354031028,84721.13515523271,75307.67569354018,84721.13515523271,94134.59461692523,94134.59461692523,75307.67569354018,84721.13515523271,75307.67569354018,131788.43246369532,160028.81084877288,84721.13515523271,65894.21623184766,122374.9730020028,,,,,,,,,,,,,,,,,,,,,,,,,,,,,,,,,,,,,,,,,,,,,,,,,,,,,,,,,,,,
,,,,,,,,,,,,,,,,,,,,,,,,,,,,,,,,,,,,,,,,,,,,,,,,,,,56480.75677015514,131788.43246369532,75307.67569354018,160028.81084877288,65894.21623184766,65894.21623184766,94134.59461692523,94134.59461692523,65894.21623184766,112961.51354031028,65894.21623184766,94134.59461692523,65894.21623184766,84721.13515523271,56480.75677015514,112961.51354031028,56480.75677015514,65894.21623184766,84721.13515523271,84721.13515523271,,,,,,,,,,,,,,,,,,,,,,,,,,,,,,,,,,,,,,,,,,,,,,,,,,,,,,,,,
,,,,,,,,,,,,,,,,,,,,,,,,,,,,,,,,,,,,,,,,,,,,,,,,,,131788.43246369532,47067.297308462614,94134.59461692523,122374.9730020028,122374.9730020028,122374.9730020028,84721.13515523271,103548.05407861774,94134.59461692523,131788.43246369532,160028.81084877288,112961.51354031028,103548.05407861774,75307.67569354018,122374.9730020028,122374.9730020028,112961.51354031028,28240.37838507757,75307.67569354018,94134.59461692523,65894.21623184766,94134.59461692523,47067.297308462614,,,,,,,,,,,,,,,,,,,,,,,,,,,,,,,,,,,,,,,,,,,,,,,,,,,,,,,
,,,,,,,,,,,,,,,,,,,,,,,,,,,,,,,,,,,,,,,,,,,,,,,,,84721.13515523271,84721.13515523271,65894.21623184766,141201.89192538784,188269.18923385045,103548.05407861774,112961.51354031028,131788.43246369532,141201.89192538784,112961.51354031028,150615.35138708036,103548.05407861774,141201.89192538784,94134.59461692523,56480.75677015514,131788.43246369532,150615.35138708036,112961.51354031028,178855.7297721579,122374.9730020028,122374.9730020028,141201.89192538784,75307.67569354018,112961.51354031028,94134.59461692523,65894.21623184766,,,,,,,,,,,,,,,,,,,,,,,,,,,,,,,,,,,,,,,,,,,,,,,,,,,,,
,,,,,,,,,,,,,,,,,,,,,,,,,,,,,,,,,,,,,,,,,,,,,84721.13515523271,75307.67569354018,103548.05407861774,56480.75677015514,94134.59461692523,131788.43246369532,131788.43246369532,103548.05407861774,141201.89192538784,160028.81084877288,94134.59461692523,141201.89192538784,169442.27031046542,112961.51354031028,122374.9730020028,150615.35138708036,169442.27031046542,112961.51354031028,122374.9730020028,150615.35138708036,65894.21623184766,160028.81084877288,56480.75677015514,122374.9730020028,94134.59461692523,141201.89192538784,84721.13515523271,150615.35138708036,112961.51354031028,103548.05407861774,65894.21623184766,,,,,,,,,,,,,,,,,,,,,,,,,,,,,,,,,,,,,,,,,,,,,,,,,,,,
,,,,,,,,,,,,,,,,,,,,,,,,,,,,,,,,,,,,,,,,,,,,84721.13515523271,131788.43246369532,75307.67569354018,94134.59461692523,65894.21623184766,84721.13515523271,225923.02708062055,112961.51354031028,75307.67569354018,65894.21623184766,150615.35138708036,75307.67569354018,75307.67569354018,131788.43246369532,188269.18923385045,122374.9730020028,75307.67569354018,160028.81084877288,131788.43246369532,188269.18923385045,150615.35138708036,122374.9730020028,169442.27031046542,122374.9730020028,112961.51354031028,169442.27031046542,112961.51354031028,131788.43246369532,103548.05407861774,122374.9730020028,94134.59461692523,75307.67569354018,75307.67569354018,84721.13515523271,75307.67569354018,47067.297308462614,131788.43246369532,112961.51354031028,37653.83784677009,,,,,,,,,,,,,,,,,,,,,,,,,,,,,,,,,,,,,,,,,,,,,
,,,,,,,,,,,,,,,,,,,,,,,,,,,,,,,,,,,,,,,,,,,94134.59461692523,103548.05407861774,94134.59461692523,65894.21623184766,75307.67569354018,75307.67569354018,75307.67569354018,84721.13515523271,94134.59461692523,178855.7297721579,150615.35138708036,65894.21623184766,122374.9730020028,56480.75677015514,131788.43246369532,112961.51354031028,122374.9730020028,178855.7297721579,197682.64869554297,131788.43246369532,122374.9730020028,122374.9730020028,122374.9730020028,150615.35138708036,131788.43246369532,122374.9730020028,160028.81084877288,141201.89192538784,160028.81084877288,141201.89192538784,131788.43246369532,94134.59461692523,84721.13515523271,160028.81084877288,122374.9730020028,94134.59461692523,122374.9730020028,47067.297308462614,150615.35138708036,141201.89192538784,103548.05407861774,,,,,,,,,,,,,,,,,,,,,,,,,,,,,,,,,,,,,,,,,,,,
,,,,,,,,,,,,,,,,,,,,,,,,,,,,,,,,,,,,,,,,,,56480.75677015514,103548.05407861774,112961.51354031028,103548.05407861774,65894.21623184766,141201.89192538784,112961.51354031028,56480.75677015514,122374.9730020028,141201.89192538784,56480.75677015514,112961.51354031028,103548.05407861774,160028.81084877288,169442.27031046542,160028.81084877288,178855.7297721579,150615.35138708036,141201.89192538784,103548.05407861774,131788.43246369532,141201.89192538784,254163.40546569807,169442.27031046542,188269.18923385045,178855.7297721579,197682.64869554297,178855.7297721579,75307.67569354018,103548.05407861774,254163.40546569807,131788.43246369532,103548.05407861774,84721.13515523271,150615.35138708036,94134.59461692523,47067.297308462614,84721.13515523271,160028.81084877288,112961.51354031028,84721.13515523271,65894.21623184766,,,,,,,,,,,,,,,,,,,,,,,,,,,,,,,,,,,,,,,,,,,,
,,,,,,,,,,,,,,,,,,,,,,,,,,,,,,,,,,,,,,,,,103548.05407861774,65894.21623184766,131788.43246369532,122374.9730020028,122374.9730020028,122374.9730020028,56480.75677015514,84721.13515523271,65894.21623184766,150615.35138708036,75307.67569354018,150615.35138708036,112961.51354031028,235336.48654231307,150615.35138708036,131788.43246369532,141201.89192538784,216509.56761892803,235336.48654231307,122374.9730020028,141201.89192538784,160028.81084877288,131788.43246369532,160028.81084877288,112961.51354031028,160028.81084877288,84721.13515523271,141201.89192538784,56480.75677015514,94134.59461692523,122374.9730020028,188269.18923385045,169442.27031046542,197682.64869554297,103548.05407861774,169442.27031046542,141201.89192538784,131788.43246369532,216509.56761892803,103548.05407861774,122374.9730020028,94134.59461692523,112961.51354031028,47067.297308462614,94134.59461692523,,,,,,,,,,,,,,,,,,,,,,,,,,,,,,,,,,,,,,,,,,
,,,,,,,,,,,,,,,,,,,,,,,,,,,,,,,,,,,,,,84721.13515523271,37653.83784677009,75307.67569354018,103548.05407861774,112961.51354031028,75307.67569354018,150615.35138708036,84721.13515523271,141201.89192538784,112961.51354031028,160028.81084877288,103548.05407861774,103548.05407861774,103548.05407861774,65894.21623184766,103548.05407861774,122374.9730020028,178855.7297721579,131788.43246369532,188269.18923385045,131788.43246369532,150615.35138708036,188269.18923385045,188269.18923385045,188269.18923385045,122374.9730020028,150615.35138708036,197682.64869554297,37653.83784677009,141201.89192538784,103548.05407861774,56480.75677015514,225923.02708062055,131788.43246369532,103548.05407861774,131788.43246369532,197682.64869554297,216509.56761892803,160028.81084877288,178855.7297721579,188269.18923385045,103548.05407861774,178855.7297721579,160028.81084877288,122374.9730020028,188269.18923385045,131788.43246369532,75307.67569354018,122374.9730020028,84721.13515523271,,,,,,,,,,,,,,,,,,,,,,,,,,,,,,,,,,,,,,,,
,,,,,,,,,,,,,,,,,,,,,,,,,,,,,,,,,,,,,,103548.05407861774,122374.9730020028,103548.05407861774,75307.67569354018,103548.05407861774,103548.05407861774,103548.05407861774,103548.05407861774,160028.81084877288,122374.9730020028,188269.18923385045,131788.43246369532,160028.81084877288,103548.05407861774,122374.9730020028,103548.05407861774,56480.75677015514,150615.35138708036,188269.18923385045,122374.9730020028,122374.9730020028,150615.35138708036,103548.05407861774,207096.1081572355,178855.7297721579,178855.7297721579,188269.18923385045,75307.67569354018,65894.21623184766,56480.75677015514,112961.51354031028,122374.9730020028,169442.27031046542,197682.64869554297,178855.7297721579,225923.02708062055,150615.35138708036,188269.18923385045,141201.89192538784,131788.43246369532,225923.02708062055,216509.56761892803,188269.18923385045,178855.7297721579,169442.27031046542,103548.05407861774,150615.35138708036,160028.81084877288,75307.67569354018,112961.51354031028,112961.51354031028,75307.67569354018,,,,,,,,,,,,,,,,,,,,,,,,,,,,,,,,,,,,,,
,,,,,,,,,,,,,,,,,,,,,,,,,,,,,,,,,,,,,,75307.67569354018,84721.13515523271,94134.59461692523,94134.59461692523,131788.43246369532,84721.13515523271,112961.51354031028,112961.51354031028,178855.7297721579,160028.81084877288,141201.89192538784,169442.27031046542,178855.7297721579,169442.27031046542,122374.9730020028,122374.9730020028,112961.51354031028,112961.51354031028,141201.89192538784,178855.7297721579,131788.43246369532,112961.51354031028,150615.35138708036,263576.86492739065,112961.51354031028,141201.89192538784,103548.05407861774,131788.43246369532,141201.89192538784,160028.81084877288,141201.89192538784,122374.9730020028,103548.05407861774,178855.7297721579,160028.81084877288,178855.7297721579,122374.9730020028,122374.9730020028,169442.27031046542,169442.27031046542,160028.81084877288,178855.7297721579,84721.13515523271,131788.43246369532,160028.81084877288,131788.43246369532,141201.89192538784,112961.51354031028,150615.35138708036,122374.9730020028,131788.43246369532,84721.13515523271,,,,,,,,,,,,,,,,,,,,,,,,,,,,,,,,,,,,,,
,,,,,,,,,,,,,,,,,,,,,,,,,,,,,,,,,,,,,65894.21623184766,103548.05407861774,84721.13515523271,94134.59461692523,103548.05407861774,103548.05407861774,94134.59461692523,150615.35138708036,103548.05407861774,122374.9730020028,131788.43246369532,75307.67569354018,178855.7297721579,178855.7297721579,150615.35138708036,178855.7297721579,150615.35138708036,150615.35138708036,225923.02708062055,216509.56761892803,244749.9460040056,188269.18923385045,178855.7297721579,197682.64869554297,197682.64869554297,103548.05407861774,75307.67569354018,150615.35138708036,150615.35138708036,112961.51354031028,150615.35138708036,122374.9730020028,150615.35138708036,141201.89192538784,150615.35138708036,131788.43246369532,150615.35138708036,141201.89192538784,131788.43246369532,150615.35138708036,216509.56761892803,244749.9460040056,122374.9730020028,122374.9730020028,178855.7297721579,160028.81084877288,84721.13515523271,94134.59461692523,122374.9730020028,122374.9730020028,112961.51354031028,84721.13515523271,65894.21623184766,122374.9730020028,,,,,,,,,,,,,,,,,,,,,,,,,,,,,,,,,,,,,
,,,,,,,,,,,,,,,,,,,,,,,,,,,,,,,,,,,,103548.05407861774,84721.13515523271,141201.89192538784,84721.13515523271,112961.51354031028,103548.05407861774,65894.21623184766,103548.05407861774,103548.05407861774,75307.67569354018,103548.05407861774,207096.1081572355,122374.9730020028,141201.89192538784,103548.05407861774,141201.89192538784,122374.9730020028,94134.59461692523,131788.43246369532,188269.18923385045,169442.27031046542,160028.81084877288,103548.05407861774,169442.27031046542,235336.48654231307,197682.64869554297,169442.27031046542,169442.27031046542,94134.59461692523,150615.35138708036,122374.9730020028,141201.89192538784,75307.67569354018,94134.59461692523,150615.35138708036,84721.13515523271,188269.18923385045,150615.35138708036,150615.35138708036,122374.9730020028,131788.43246369532,94134.59461692523,150615.35138708036,141201.89192538784,169442.27031046542,141201.89192538784,122374.9730020028,160028.81084877288,244749.9460040056,169442.27031046542,131788.43246369532,141201.89192538784,131788.43246369532,150615.35138708036,94134.59461692523,56480.75677015514,94134.59461692523,,,,,,,,,,,,,,,,,,,,,,,,,,,,,,,,,,,
,,,,,,,,,,,,,,,,,,,,,,,,,,,,,,,,,,,,103548.05407861774,84721.13515523271,94134.59461692523,131788.43246369532,131788.43246369532,84721.13515523271,141201.89192538784,94134.59461692523,141201.89192538784,94134.59461692523,103548.05407861774,178855.7297721579,169442.27031046542,178855.7297721579,150615.35138708036,178855.7297721579,103548.05407861774,188269.18923385045,254163.40546569807,131788.43246369532,65894.21623184766,178855.7297721579,160028.81084877288,188269.18923385045,272990.32438908314,112961.51354031028,122374.9730020028,131788.43246369532,188269.18923385045,150615.35138708036,112961.51354031028,131788.43246369532,141201.89192538784,178855.7297721579,141201.89192538784,122374.9730020028,84721.13515523271,112961.51354031028,112961.51354031028,94134.59461692523,84721.13515523271,150615.35138708036,103548.05407861774,103548.05407861774,169442.27031046542,141201.89192538784,216509.56761892803,207096.1081572355,112961.51354031028,178855.7297721579,131788.43246369532,103548.05407861774,65894.21623184766,112961.51354031028,131788.43246369532,112961.51354031028,65894.21623184766,,,,,,,,,,,,,,,,,,,,,,,,,,,,,,,,,,,
,,,,,,,,,,,,,,,,,,,,,,,,,,,,,,,,,,,56480.75677015514,37653.83784677009,112961.51354031028,122374.9730020028,122374.9730020028,112961.51354031028,122374.9730020028,122374.9730020028,160028.81084877288,103548.05407861774,84721.13515523271,75307.67569354018,178855.7297721579,169442.27031046542,94134.59461692523,122374.9730020028,160028.81084877288,197682.64869554297,225923.02708062055,160028.81084877288,160028.81084877288,207096.1081572355,291817.24331246817,169442.27031046542,178855.7297721579,188269.18923385045,122374.9730020028,75307.67569354018,178855.7297721579,150615.35138708036,94134.59461692523,160028.81084877288,84721.13515523271,112961.51354031028,75307.67569354018,141201.89192538784,150615.35138708036,103548.05407861774,112961.51354031028,103548.05407861774,150615.35138708036,178855.7297721579,160028.81084877288,141201.89192538784,235336.48654231307,131788.43246369532,112961.51354031028,207096.1081572355,207096.1081572355,150615.35138708036,169442.27031046542,197682.64869554297,178855.7297721579,141201.89192538784,103548.05407861774,122374.9730020028,131788.43246369532,94134.59461692523,,,,,,,,,,,,,,,,,,,,,,,,,,,,,,,,,,,
,,,,,,,,,,,,,,,,,,,,,,,,,,,,,,,,,,94134.59461692523,122374.9730020028,103548.05407861774,141201.89192538784,75307.67569354018,131788.43246369532,141201.89192538784,112961.51354031028,131788.43246369532,122374.9730020028,94134.59461692523,75307.67569354018,131788.43246369532,150615.35138708036,112961.51354031028,254163.40546569807,131788.43246369532,122374.9730020028,178855.7297721579,320057.62169754575,150615.35138708036,103548.05407861774,216509.56761892803,197682.64869554297,150615.35138708036,112961.51354031028,131788.43246369532,84721.13515523271,178855.7297721579,122374.9730020028,94134.59461692523,188269.18923385045,94134.59461692523,131788.43246369532,112961.51354031028,160028.81084877288,169442.27031046542,160028.81084877288,178855.7297721579,197682.64869554297,103548.05407861774,150615.35138708036,150615.35138708036,150615.35138708036,160028.81084877288,141201.89192538784,169442.27031046542,263576.86492739065,178855.7297721579,112961.51354031028,169442.27031046542,178855.7297721579,84721.13515523271,188269.18923385045,150615.35138708036,112961.51354031028,94134.59461692523,94134.59461692523,112961.51354031028,,,,,,,,,,,,,,,,,,,,,,,,,,,,,,,,,,,
,,,,,,,,,,,,,,,,,,,,,,,,,,,,,,,,,56480.75677015514,84721.13515523271,122374.9730020028,131788.43246369532,28240.37838507757,75307.67569354018,112961.51354031028,122374.9730020028,141201.89192538784,103548.05407861774,122374.9730020028,178855.7297721579,207096.1081572355,216509.56761892803,404778.7568527785,329471.0811592383,320057.62169754575,197682.64869554297,160028.81084877288,178855.7297721579,207096.1081572355,160028.81084877288,282403.7838507757,734249.8380120167,414192.216314471,235336.48654231307,197682.64869554297,141201.89192538784,169442.27031046542,169442.27031046542,141201.89192538784,188269.18923385045,141201.89192538784,141201.89192538784,112961.51354031028,141201.89192538784,178855.7297721579,169442.27031046542,160028.81084877288,178855.7297721579,160028.81084877288,150615.35138708036,207096.1081572355,131788.43246369532,169442.27031046542,160028.81084877288,178855.7297721579,150615.35138708036,207096.1081572355,150615.35138708036,141201.89192538784,197682.64869554297,178855.7297721579,141201.89192538784,150615.35138708036,160028.81084877288,197682.64869554297,112961.51354031028,131788.43246369532,122374.9730020028,65894.21623184766,,,,,,,,,,,,,,,,,,,,,,,,,,,,,,,,,,
,,,,,,,,,,,,,,,,,,,,,,,,,,,,,,,,94134.59461692523,112961.51354031028,84721.13515523271,94134.59461692523,141201.89192538784,103548.05407861774,103548.05407861774,131788.43246369532,103548.05407861774,169442.27031046542,150615.35138708036,188269.18923385045,131788.43246369532,141201.89192538784,178855.7297721579,207096.1081572355,197682.64869554297,178855.7297721579,216509.56761892803,94134.59461692523,150615.35138708036,169442.27031046542,178855.7297721579,630701.783933399,1026067.081324485,545980.6487781663,94134.59461692523,310644.1622358532,272990.32438908314,160028.81084877288,122374.9730020028,103548.05407861774,94134.59461692523,75307.67569354018,141201.89192538784,207096.1081572355,160028.81084877288,150615.35138708036,188269.18923385045,103548.05407861774,94134.59461692523,112961.51354031028,103548.05407861774,188269.18923385045,160028.81084877288,103548.05407861774,84721.13515523271,141201.89192538784,141201.89192538784,103548.05407861774,103548.05407861774,112961.51354031028,169442.27031046542,141201.89192538784,131788.43246369532,169442.27031046542,103548.05407861774,150615.35138708036,65894.21623184766,112961.51354031028,103548.05407861774,75307.67569354018,,,,,,,,,,,,,,,,,,,,,,,,,,,,,,,,,,
,,,,,,,,,,,,,,,,,,,,,,,,,,,,,,,,122374.9730020028,131788.43246369532,84721.13515523271,169442.27031046542,56480.75677015514,75307.67569354018,141201.89192538784,122374.9730020028,197682.64869554297,122374.9730020028,197682.64869554297,122374.9730020028,131788.43246369532,188269.18923385045,103548.05407861774,103548.05407861774,216509.56761892803,131788.43246369532,141201.89192538784,131788.43246369532,131788.43246369532,131788.43246369532,216509.56761892803,461259.51362293365,404778.7568527785,216509.56761892803,141201.89192538784,112961.51354031028,112961.51354031028,178855.7297721579,188269.18923385045,112961.51354031028,84721.13515523271,169442.27031046542,84721.13515523271,225923.02708062055,150615.35138708036,169442.27031046542,131788.43246369532,131788.43246369532,160028.81084877288,178855.7297721579,150615.35138708036,103548.05407861774,122374.9730020028,150615.35138708036,169442.27031046542,188269.18923385045,84721.13515523271,122374.9730020028,112961.51354031028,75307.67569354018,131788.43246369532,122374.9730020028,188269.18923385045,169442.27031046542,150615.35138708036,122374.9730020028,141201.89192538784,112961.51354031028,56480.75677015514,122374.9730020028,,,,,,,,,,,,,,,,,,,,,,,,,,,,,,,,,,
,,,,,,,,,,,,,,,,,,,,,,,,,,,,,,,94134.59461692523,65894.21623184766,65894.21623184766,112961.51354031028,122374.9730020028,84721.13515523271,131788.43246369532,131788.43246369532,150615.35138708036,141201.89192538784,131788.43246369532,131788.43246369532,122374.9730020028,150615.35138708036,141201.89192538784,112961.51354031028,188269.18923385045,188269.18923385045,188269.18923385045,178855.7297721579,197682.64869554297,216509.56761892803,272990.32438908314,207096.1081572355,254163.40546569807,131788.43246369532,169442.27031046542,188269.18923385045,169442.27031046542,94134.59461692523,207096.1081572355,131788.43246369532,207096.1081572355,178855.7297721579,178855.7297721579,160028.81084877288,216509.56761892803,197682.64869554297,131788.43246369532,235336.48654231307,131788.43246369532,131788.43246369532,112961.51354031028,160028.81084877288,141201.89192538784,188269.18923385045,160028.81084877288,122374.9730020028,150615.35138708036,112961.51354031028,169442.27031046542,197682.64869554297,169442.27031046542,178855.7297721579,178855.7297721579,178855.7297721579,122374.9730020028,122374.9730020028,103548.05407861774,112961.51354031028,65894.21623184766,94134.59461692523,75307.67569354018,131788.43246369532,,,,,,,,,,,,,,,,,,,,,,,,,,,,,,,,,
,,,,,,,,,,,,,,,,,,,,,,,,,,,,,,122374.9730020028,75307.67569354018,94134.59461692523,263576.86492739065,103548.05407861774,122374.9730020028,103548.05407861774,169442.27031046542,65894.21623184766,112961.51354031028,160028.81084877288,122374.9730020028,141201.89192538784,141201.89192538784,169442.27031046542,150615.35138708036,150615.35138708036,216509.56761892803,131788.43246369532,197682.64869554297,122374.9730020028,75307.67569354018,150615.35138708036,254163.40546569807,150615.35138708036,178855.7297721579,122374.9730020028,141201.89192538784,169442.27031046542,122374.9730020028,103548.05407861774,141201.89192538784,150615.35138708036,160028.81084877288,150615.35138708036,141201.89192538784,122374.9730020028,122374.9730020028,178855.7297721579,178855.7297721579,112961.51354031028,84721.13515523271,103548.05407861774,150615.35138708036,207096.1081572355,160028.81084877288,131788.43246369532,150615.35138708036,160028.81084877288,141201.89192538784,122374.9730020028,169442.27031046542,112961.51354031028,197682.64869554297,150615.35138708036,197682.64869554297,169442.27031046542,131788.43246369532,131788.43246369532,160028.81084877288,94134.59461692523,56480.75677015514,94134.59461692523,103548.05407861774,,,,,,,,,,,,,,,,,,,,,,,,,,,,,,,,,,
,,,,,,,,,,,,,,,,,,,,,,,,,,,,,,56480.75677015514,84721.13515523271,160028.81084877288,84721.13515523271,160028.81084877288,84721.13515523271,94134.59461692523,188269.18923385045,207096.1081572355,225923.02708062055,320057.62169754575,235336.48654231307,160028.81084877288,141201.89192538784,122374.9730020028,282403.7838507757,263576.86492739065,301230.7027741607,263576.86492739065,188269.18923385045,207096.1081572355,244749.9460040056,197682.64869554297,216509.56761892803,169442.27031046542,188269.18923385045,103548.05407861774,150615.35138708036,131788.43246369532,178855.7297721579,94134.59461692523,122374.9730020028,94134.59461692523,160028.81084877288,150615.35138708036,94134.59461692523,103548.05407861774,188269.18923385045,122374.9730020028,188269.18923385045,131788.43246369532,131788.43246369532,131788.43246369532,178855.7297721579,169442.27031046542,131788.43246369532,169442.27031046542,216509.56761892803,122374.9730020028,103548.05407861774,150615.35138708036,141201.89192538784,178855.7297721579,122374.9730020028,160028.81084877288,225923.02708062055,197682.64869554297,169442.27031046542,216509.56761892803,197682.64869554297,103548.05407861774,178855.7297721579,122374.9730020028,,,,,,,,,,,,,,,,,,,,,,,,,,,,,,,,,,,
,,,,,,,,,,,,,,,,,,,,,,,,,,,,,84721.13515523271,131788.43246369532,103548.05407861774,112961.51354031028,150615.35138708036,141201.89192538784,103548.05407861774,122374.9730020028,94134.59461692523,169442.27031046542,131788.43246369532,254163.40546569807,272990.32438908314,178855.7297721579,169442.27031046542,188269.18923385045,225923.02708062055,225923.02708062055,225923.02708062055,150615.35138708036,188269.18923385045,216509.56761892803,225923.02708062055,216509.56761892803,160028.81084877288,150615.35138708036,141201.89192538784,122374.9730020028,150615.35138708036,131788.43246369532,131788.43246369532,103548.05407861774,207096.1081572355,141201.89192538784,178855.7297721579,112961.51354031028,37653.83784677009,112961.51354031028,141201.89192538784,103548.05407861774,122374.9730020028,150615.35138708036,197682.64869554297,75307.67569354018,188269.18923385045,197682.64869554297,178855.7297721579,94134.59461692523,37653.83784677009,103548.05407861774,103548.05407861774,141201.89192538784,169442.27031046542,122374.9730020028,103548.05407861774,169442.27031046542,197682.64869554297,150615.35138708036,178855.7297721579,122374.9730020028,84721.13515523271,122374.9730020028,94134.59461692523,56480.75677015514,,,,,,,,,,,,,,,,,,,,,,,,,,,,,,,,,,,
,,,,,,,,,,,,,,,,,,,,,,,,,,,,75307.67569354018,103548.05407861774,160028.81084877288,169442.27031046542,103548.05407861774,131788.43246369532,122374.9730020028,122374.9730020028,94134.59461692523,160028.81084877288,131788.43246369532,56480.75677015514,141201.89192538784,112961.51354031028,178855.7297721579,150615.35138708036,216509.56761892803,160028.81084877288,263576.86492739065,235336.48654231307,197682.64869554297,84721.13515523271,94134.59461692523,94134.59461692523,216509.56761892803,131788.43246369532,131788.43246369532,178855.7297721579,141201.89192538784,131788.43246369532,131788.43246369532,141201.89192538784,178855.7297721579,178855.7297721579,131788.43246369532,56480.75677015514,47067.297308462614,94134.59461692523,65894.21623184766,122374.9730020028,122374.9730020028,141201.89192538784,169442.27031046542,122374.9730020028,150615.35138708036,178855.7297721579,141201.89192538784,188269.18923385045,160028.81084877288,122374.9730020028,131788.43246369532,160028.81084877288,160028.81084877288,160028.81084877288,197682.64869554297,150615.35138708036,188269.18923385045,207096.1081572355,122374.9730020028,122374.9730020028,141201.89192538784,160028.81084877288,103548.05407861774,84721.13515523271,,,,,,,,,,,,,,,,,,,,,,,,,,,,,,,,,,,,
,,,,,,,,,,,,,,,,,,,,,,,,,,75307.67569354018,112961.51354031028,112961.51354031028,122374.9730020028,141201.89192538784,65894.21623184766,84721.13515523271,131788.43246369532,84721.13515523271,160028.81084877288,94134.59461692523,47067.297308462614,141201.89192538784,188269.18923385045,169442.27031046542,160028.81084877288,207096.1081572355,178855.7297721579,160028.81084877288,169442.27031046542,263576.86492739065,197682.64869554297,150615.35138708036,178855.7297721579,131788.43246369532,169442.27031046542,216509.56761892803,225923.02708062055,188269.18923385045,225923.02708062055,160028.81084877288,141201.89192538784,169442.27031046542,112961.51354031028,103548.05407861774,122374.9730020028,112961.51354031028,103548.05407861774,75307.67569354018,75307.67569354018,65894.21623184766,84721.13515523271,65894.21623184766,112961.51354031028,150615.35138708036,94134.59461692523,160028.81084877288,150615.35138708036,169442.27031046542,160028.81084877288,94134.59461692523,141201.89192538784,103548.05407861774,141201.89192538784,160028.81084877288,235336.48654231307,94134.59461692523,141201.89192538784,150615.35138708036,122374.9730020028,103548.05407861774,122374.9730020028,122374.9730020028,112961.51354031028,47067.297308462614,178855.7297721579,,,,,,,,,,,,,,,,,,,,,,,,,,,,,,,,,,,,
,,,,,,,,,,,,,,,,,,,,,,,,,,75307.67569354018,112961.51354031028,103548.05407861774,112961.51354031028,169442.27031046542,75307.67569354018,94134.59461692523,169442.27031046542,150615.35138708036,169442.27031046542,160028.81084877288,235336.48654231307,160028.81084877288,131788.43246369532,197682.64869554297,141201.89192538784,263576.86492739065,150615.35138708036,150615.35138708036,197682.64869554297,207096.1081572355,56480.75677015514,131788.43246369532,103548.05407861774,178855.7297721579,169442.27031046542,207096.1081572355,197682.64869554297,188269.18923385045,150615.35138708036,169442.27031046542,131788.43246369532,141201.89192538784,141201.89192538784,160028.81084877288,122374.9730020028,56480.75677015514,160028.81084877288,103548.05407861774,65894.21623184766,103548.05407861774,56480.75677015514,56480.75677015514,150615.35138708036,244749.9460040056,207096.1081572355,150615.35138708036,160028.81084877288,131788.43246369532,112961.51354031028,188269.18923385045,207096.1081572355,207096.1081572355,112961.51354031028,197682.64869554297,150615.35138708036,141201.89192538784,131788.43246369532,150615.35138708036,141201.89192538784,131788.43246369532,112961.51354031028,169442.27031046542,94134.59461692523,131788.43246369532,75307.67569354018,,,,,,,,,,,,,,,,,,,,,,,,,,,,,,,,,,,,
,,,,,,,,,,,,,,,,,,,,,,,,,,94134.59461692523,122374.9730020028,65894.21623184766,65894.21623184766,84721.13515523271,141201.89192538784,103548.05407861774,150615.35138708036,160028.81084877288,122374.9730020028,178855.7297721579,131788.43246369532,141201.89192538784,150615.35138708036,216509.56761892803,141201.89192538784,178855.7297721579,94134.59461692523,235336.48654231307,188269.18923385045,103548.05407861774,84721.13515523271,150615.35138708036,131788.43246369532,150615.35138708036,131788.43246369532,150615.35138708036,141201.89192538784,150615.35138708036,188269.18923385045,216509.56761892803,141201.89192538784,160028.81084877288,112961.51354031028,141201.89192538784,56480.75677015514,84721.13515523271,75307.67569354018,75307.67569354018,84721.13515523271,65894.21623184766,84721.13515523271,47067.297308462614,150615.35138708036,103548.05407861774,150615.35138708036,197682.64869554297,150615.35138708036,122374.9730020028,178855.7297721579,178855.7297721579,131788.43246369532,141201.89192538784,94134.59461692523,225923.02708062055,150615.35138708036,112961.51354031028,122374.9730020028,160028.81084877288,150615.35138708036,122374.9730020028,112961.51354031028,141201.89192538784,94134.59461692523,56480.75677015514,65894.21623184766,,,,,,,,,,,,,,,,,,,,,,,,,,,,,,,,,,,,
,,,,,,,,,,,,,,,,,,,,,,,,,,94134.59461692523,131788.43246369532,65894.21623184766,131788.43246369532,131788.43246369532,103548.05407861774,141201.89192538784,141201.89192538784,150615.35138708036,75307.67569354018,65894.21623184766,244749.9460040056,141201.89192538784,103548.05407861774,131788.43246369532,141201.89192538784,197682.64869554297,131788.43246369532,75307.67569354018,112961.51354031028,178855.7297721579,160028.81084877288,56480.75677015514,112961.51354031028,178855.7297721579,56480.75677015514,150615.35138708036,178855.7297721579,122374.9730020028,150615.35138708036,141201.89192538784,188269.18923385045,141201.89192538784,122374.9730020028,169442.27031046542,94134.59461692523,65894.21623184766,56480.75677015514,122374.9730020028,103548.05407861774,131788.43246369532,56480.75677015514,75307.67569354018,94134.59461692523,150615.35138708036,216509.56761892803,122374.9730020028,160028.81084877288,112961.51354031028,244749.9460040056,160028.81084877288,188269.18923385045,56480.75677015514,112961.51354031028,178855.7297721579,131788.43246369532,150615.35138708036,112961.51354031028,188269.18923385045,94134.59461692523,94134.59461692523,94134.59461692523,178855.7297721579,65894.21623184766,131788.43246369532,47067.297308462614,,,,,,,,,,,,,,,,,,,,,,,,,,,,,,,,,,,,
,,,,,,,,,,,,,,,,,,,,,,,,,75307.67569354018,84721.13515523271,141201.89192538784,75307.67569354018,169442.27031046542,103548.05407861774,112961.51354031028,141201.89192538784,103548.05407861774,122374.9730020028,150615.35138708036,150615.35138708036,225923.02708062055,160028.81084877288,131788.43246369532,141201.89192538784,178855.7297721579,131788.43246369532,160028.81084877288,188269.18923385045,178855.7297721579,122374.9730020028,150615.35138708036,160028.81084877288,103548.05407861774,131788.43246369532,65894.21623184766,65894.21623184766,84721.13515523271,178855.7297721579,75307.67569354018,75307.67569354018,141201.89192538784,160028.81084877288,122374.9730020028,141201.89192538784,178855.7297721579,37653.83784677009,84721.13515523271,56480.75677015514,65894.21623184766,47067.297308462614,65894.21623184766,75307.67569354018,169442.27031046542,122374.9730020028,122374.9730020028,169442.27031046542,103548.05407861774,103548.05407861774,160028.81084877288,150615.35138708036,112961.51354031028,150615.35138708036,207096.1081572355,235336.48654231307,160028.81084877288,178855.7297721579,188269.18923385045,150615.35138708036,178855.7297721579,178855.7297721579,56480.75677015514,47067.297308462614,112961.51354031028,75307.67569354018,112961.51354031028,,,,,,,,,,,,,,,,,,,,,,,,,,,,,,,,,,,,
,,,,,,,,,,,,,,,,,,,,,,,,103548.05407861774,65894.21623184766,112961.51354031028,141201.89192538784,141201.89192538784,84721.13515523271,131788.43246369532,169442.27031046542,141201.89192538784,65894.21623184766,188269.18923385045,122374.9730020028,150615.35138708036,122374.9730020028,160028.81084877288,112961.51354031028,141201.89192538784,178855.7297721579,122374.9730020028,169442.27031046542,141201.89192538784,75307.67569354018,122374.9730020028,225923.02708062055,122374.9730020028,103548.05407861774,122374.9730020028,131788.43246369532,160028.81084877288,169442.27031046542,178855.7297721579,94134.59461692523,103548.05407861774,150615.35138708036,160028.81084877288,150615.35138708036,160028.81084877288,112961.51354031028,122374.9730020028,103548.05407861774,56480.75677015514,47067.297308462614,103548.05407861774,56480.75677015514,160028.81084877288,141201.89192538784,131788.43246369532,122374.9730020028,225923.02708062055,122374.9730020028,75307.67569354018,141201.89192538784,103548.05407861774,65894.21623184766,112961.51354031028,103548.05407861774,178855.7297721579,178855.7297721579,263576.86492739065,65894.21623184766,169442.27031046542,160028.81084877288,150615.35138708036,94134.59461692523,75307.67569354018,112961.51354031028,94134.59461692523,,,,,,,,,,,,,,,,,,,,,,,,,,,,,,,,,,,,,
,,,,,,,,,,,,,,,,,,,,,,,,103548.05407861774,112961.51354031028,103548.05407861774,160028.81084877288,75307.67569354018,112961.51354031028,188269.18923385045,178855.7297721579,197682.64869554297,84721.13515523271,160028.81084877288,160028.81084877288,103548.05407861774,150615.35138708036,141201.89192538784,65894.21623184766,150615.35138708036,150615.35138708036,122374.9730020028,112961.51354031028,169442.27031046542,150615.35138708036,150615.35138708036,178855.7297721579,84721.13515523271,112961.51354031028,131788.43246369532,141201.89192538784,188269.18923385045,197682.64869554297,169442.27031046542,84721.13515523271,122374.9730020028,207096.1081572355,282403.7838507757,235336.48654231307,160028.81084877288,225923.02708062055,263576.86492739065,169442.27031046542,122374.9730020028,65894.21623184766,84721.13515523271,75307.67569354018,103548.05407861774,150615.35138708036,141201.89192538784,188269.18923385045,178855.7297721579,207096.1081572355,131788.43246369532,141201.89192538784,103548.05407861774,112961.51354031028,131788.43246369532,160028.81084877288,141201.89192538784,65894.21623184766,94134.59461692523,84721.13515523271,150615.35138708036,112961.51354031028,141201.89192538784,103548.05407861774,160028.81084877288,112961.51354031028,103548.05407861774,,,,,,,,,,,,,,,,,,,,,,,,,,,,,,,,,,,,,
,,,,,,,,,,,,,,,,,,,,,,,75307.67569354018,75307.67569354018,131788.43246369532,122374.9730020028,141201.89192538784,122374.9730020028,160028.81084877288,150615.35138708036,169442.27031046542,178855.7297721579,131788.43246369532,188269.18923385045,197682.64869554297,112961.51354031028,84721.13515523271,150615.35138708036,141201.89192538784,131788.43246369532,75307.67569354018,131788.43246369532,94134.59461692523,112961.51354031028,122374.9730020028,84721.13515523271,188269.18923385045,112961.51354031028,122374.9730020028,150615.35138708036,141201.89192538784,160028.81084877288,84721.13515523271,160028.81084877288,207096.1081572355,112961.51354031028,207096.1081572355,131788.43246369532,169442.27031046542,141201.89192538784,122374.9730020028,150615.35138708036,150615.35138708036,94134.59461692523,56480.75677015514,188269.18923385045,178855.7297721579,244749.9460040056,169442.27031046542,103548.05407861774,131788.43246369532,122374.9730020028,122374.9730020028,178855.7297721579,103548.05407861774,131788.43246369532,112961.51354031028,197682.64869554297,103548.05407861774,197682.64869554297,178855.7297721579,150615.35138708036,160028.81084877288,188269.18923385045,131788.43246369532,103548.05407861774,94134.59461692523,103548.05407861774,94134.59461692523,,,,,,,,,,,,,,,,,,,,,,,,,,,,,,,,,,,,,,
,,,,,,,,,,,,,,,,,,,,,,131788.43246369532,75307.67569354018,112961.51354031028,84721.13515523271,112961.51354031028,160028.81084877288,122374.9730020028,75307.67569354018,207096.1081572355,94134.59461692523,131788.43246369532,131788.43246369532,197682.64869554297,122374.9730020028,178855.7297721579,122374.9730020028,94134.59461692523,84721.13515523271,122374.9730020028,197682.64869554297,225923.02708062055,169442.27031046542,131788.43246369532,84721.13515523271,178855.7297721579,75307.67569354018,150615.35138708036,112961.51354031028,122374.9730020028,160028.81084877288,169442.27031046542,94134.59461692523,150615.35138708036,141201.89192538784,131788.43246369532,169442.27031046542,94134.59461692523,112961.51354031028,47067.297308462614,160028.81084877288,141201.89192538784,84721.13515523271,169442.27031046542,169442.27031046542,207096.1081572355,169442.27031046542,207096.1081572355,131788.43246369532,150615.35138708036,178855.7297721579,122374.9730020028,225923.02708062055,197682.64869554297,112961.51354031028,160028.81084877288,235336.48654231307,169442.27031046542,150615.35138708036,150615.35138708036,131788.43246369532,56480.75677015514,160028.81084877288,122374.9730020028,122374.9730020028,94134.59461692523,103548.05407861774,56480.75677015514,84721.13515523271,,,,,,,,,,,,,,,,,,,,,,,,,,,,,,,,,,,,,,
,,,,,,,,,,,,,,,,,,,,,,103548.05407861774,94134.59461692523,131788.43246369532,65894.21623184766,75307.67569354018,169442.27031046542,122374.9730020028,94134.59461692523,84721.13515523271,84721.13515523271,122374.9730020028,178855.7297721579,160028.81084877288,122374.9730020028,188269.18923385045,131788.43246369532,150615.35138708036,122374.9730020028,112961.51354031028,131788.43246369532,122374.9730020028,122374.9730020028,131788.43246369532,188269.18923385045,94134.59461692523,169442.27031046542,254163.40546569807,178855.7297721579,169442.27031046542,122374.9730020028,94134.59461692523,84721.13515523271,141201.89192538784,141201.89192538784,84721.13515523271,141201.89192538784,178855.7297721579,103548.05407861774,112961.51354031028,188269.18923385045,160028.81084877288,103548.05407861774,103548.05407861774,169442.27031046542,169442.27031046542,112961.51354031028,112961.51354031028,112961.51354031028,141201.89192538784,122374.9730020028,112961.51354031028,150615.35138708036,131788.43246369532,131788.43246369532,122374.9730020028,160028.81084877288,141201.89192538784,178855.7297721579,84721.13515523271,141201.89192538784,122374.9730020028,112961.51354031028,122374.9730020028,141201.89192538784,112961.51354031028,47067.297308462614,103548.05407861774,,,,,,,,,,,,,,,,,,,,,,,,,,,,,,,,,,,,,,,
,,,,,,,,,,,,,,,,,,,,,,65894.21623184766,188269.18923385045,56480.75677015514,141201.89192538784,122374.9730020028,225923.02708062055,169442.27031046542,103548.05407861774,141201.89192538784,216509.56761892803,131788.43246369532,169442.27031046542,150615.35138708036,169442.27031046542,103548.05407861774,150615.35138708036,84721.13515523271,131788.43246369532,150615.35138708036,188269.18923385045,37653.83784677009,160028.81084877288,112961.51354031028,122374.9730020028,178855.7297721579,178855.7297721579,150615.35138708036,122374.9730020028,160028.81084877288,112961.51354031028,169442.27031046542,94134.59461692523,65894.21623184766,103548.05407861774,131788.43246369532,141201.89192538784,103548.05407861774,197682.64869554297,131788.43246369532,122374.9730020028,122374.9730020028,150615.35138708036,160028.81084877288,112961.51354031028,103548.05407861774,178855.7297721579,122374.9730020028,131788.43246369532,169442.27031046542,169442.27031046542,160028.81084877288,84721.13515523271,112961.51354031028,112961.51354031028,160028.81084877288,216509.56761892803,150615.35138708036,112961.51354031028,84721.13515523271,131788.43246369532,131788.43246369532,141201.89192538784,141201.89192538784,169442.27031046542,37653.83784677009,94134.59461692523,122374.9730020028,,,,,,,,,,,,,,,,,,,,,,,,,,,,,,,,,,,,,,,
,,,,,,,,,,,,,,,,,,,,,75307.67569354018,84721.13515523271,160028.81084877288,122374.9730020028,178855.7297721579,178855.7297721579,141201.89192538784,188269.18923385045,169442.27031046542,178855.7297721579,150615.35138708036,160028.81084877288,150615.35138708036,188269.18923385045,122374.9730020028,141201.89192538784,94134.59461692523,103548.05407861774,94134.59461692523,178855.7297721579,141201.89192538784,169442.27031046542,141201.89192538784,207096.1081572355,160028.81084877288,75307.67569354018,150615.35138708036,197682.64869554297,141201.89192538784,141201.89192538784,75307.67569354018,84721.13515523271,150615.35138708036,122374.9730020028,160028.81084877288,122374.9730020028,84721.13515523271,94134.59461692523,141201.89192538784,112961.51354031028,141201.89192538784,178855.7297721579,150615.35138708036,160028.81084877288,160028.81084877288,131788.43246369532,84721.13515523271,150615.35138708036,94134.59461692523,84721.13515523271,103548.05407861774,103548.05407861774,103548.05407861774,150615.35138708036,169442.27031046542,197682.64869554297,244749.9460040056,197682.64869554297,94134.59461692523,103548.05407861774,141201.89192538784,169442.27031046542,84721.13515523271,141201.89192538784,84721.13515523271,84721.13515523271,112961.51354031028,,,,,,,,,,,,,,,,,,,,,,,,,,,,,,,,,,,,,,,,
,,,,,,,,,,,,,,,,,,,,,103548.05407861774,112961.51354031028,75307.67569354018,103548.05407861774,169442.27031046542,150615.35138708036,178855.7297721579,103548.05407861774,122374.9730020028,141201.89192538784,197682.64869554297,188269.18923385045,188269.18923385045,178855.7297721579,122374.9730020028,141201.89192538784,122374.9730020028,112961.51354031028,169442.27031046542,150615.35138708036,112961.51354031028,94134.59461692523,207096.1081572355,188269.18923385045,75307.67569354018,169442.27031046542,197682.64869554297,94134.59461692523,122374.9730020028,84721.13515523271,131788.43246369532,112961.51354031028,84721.13515523271,225923.02708062055,103548.05407861774,150615.35138708036,169442.27031046542,112961.51354031028,112961.51354031028,112961.51354031028,112961.51354031028,122374.9730020028,178855.7297721579,169442.27031046542,94134.59461692523,84721.13515523271,197682.64869554297,169442.27031046542,160028.81084877288,84721.13515523271,75307.67569354018,141201.89192538784,150615.35138708036,112961.51354031028,103548.05407861774,103548.05407861774,150615.35138708036,169442.27031046542,178855.7297721579,112961.51354031028,197682.64869554297,150615.35138708036,141201.89192538784,103548.05407861774,84721.13515523271,56480.75677015514,,,,,,,,,,,,,,,,,,,,,,,,,,,,,,,,,,,,,,,,,
,,,,,,,,,,,,,,,,,,,,,65894.21623184766,75307.67569354018,122374.9730020028,141201.89192538784,112961.51354031028,141201.89192538784,150615.35138708036,160028.81084877288,122374.9730020028,131788.43246369532,188269.18923385045,122374.9730020028,141201.89192538784,207096.1081572355,141201.89192538784,84721.13515523271,94134.59461692523,131788.43246369532,131788.43246369532,169442.27031046542,207096.1081572355,207096.1081572355,112961.51354031028,103548.05407861774,169442.27031046542,103548.05407861774,207096.1081572355,169442.27031046542,197682.64869554297,188269.18923385045,197682.64869554297,112961.51354031028,188269.18923385045,122374.9730020028,122374.9730020028,131788.43246369532,150615.35138708036,150615.35138708036,141201.89192538784,84721.13515523271,103548.05407861774,141201.89192538784,141201.89192538784,207096.1081572355,141201.89192538784,141201.89192538784,131788.43246369532,131788.43246369532,112961.51354031028,131788.43246369532,131788.43246369532,94134.59461692523,122374.9730020028,150615.35138708036,169442.27031046542,169442.27031046542,94134.59461692523,122374.9730020028,178855.7297721579,141201.89192538784,141201.89192538784,169442.27031046542,75307.67569354018,37653.83784677009,131788.43246369532,131788.43246369532,,,,,,,,,,,,,,,,,,,,,,,,,,,,,,,,,,,,,,,,,
,,,,,,,,,,,,,,,,,,,,103548.05407861774,112961.51354031028,94134.59461692523,131788.43246369532,188269.18923385045,122374.9730020028,169442.27031046542,160028.81084877288,122374.9730020028,94134.59461692523,160028.81084877288,207096.1081572355,160028.81084877288,131788.43246369532,94134.59461692523,178855.7297721579,141201.89192538784,160028.81084877288,160028.81084877288,216509.56761892803,150615.35138708036,122374.9730020028,141201.89192538784,103548.05407861774,131788.43246369532,188269.18923385045,263576.86492739065,178855.7297721579,112961.51354031028,122374.9730020028,160028.81084877288,160028.81084877288,56480.75677015514,207096.1081572355,169442.27031046542,178855.7297721579,207096.1081572355,94134.59461692523,197682.64869554297,160028.81084877288,131788.43246369532,112961.51354031028,103548.05407861774,150615.35138708036,169442.27031046542,122374.9730020028,84721.13515523271,188269.18923385045,65894.21623184766,131788.43246369532,188269.18923385045,197682.64869554297,141201.89192538784,131788.43246369532,112961.51354031028,141201.89192538784,94134.59461692523,150615.35138708036,178855.7297721579,169442.27031046542,122374.9730020028,178855.7297721579,131788.43246369532,122374.9730020028,75307.67569354018,112961.51354031028,94134.59461692523,,,,,,,,,,,,,,,,,,,,,,,,,,,,,,,,,,,,,,,,,
,,,,,,,,,,,,,,,,,,,94134.59461692523,75307.67569354018,75307.67569354018,122374.9730020028,160028.81084877288,131788.43246369532,122374.9730020028,197682.64869554297,188269.18923385045,112961.51354031028,197682.64869554297,169442.27031046542,141201.89192538784,207096.1081572355,112961.51354031028,235336.48654231307,178855.7297721579,131788.43246369532,150615.35138708036,141201.89192538784,188269.18923385045,112961.51354031028,65894.21623184766,94134.59461692523,150615.35138708036,150615.35138708036,141201.89192538784,131788.43246369532,112961.51354031028,150615.35138708036,160028.81084877288,178855.7297721579,131788.43246369532,131788.43246369532,141201.89192538784,178855.7297721579,141201.89192538784,122374.9730020028,131788.43246369532,188269.18923385045,169442.27031046542,188269.18923385045,103548.05407861774,122374.9730020028,169442.27031046542,178855.7297721579,131788.43246369532,207096.1081572355,122374.9730020028,112961.51354031028,112961.51354031028,112961.51354031028,122374.9730020028,131788.43246369532,37653.83784677009,112961.51354031028,178855.7297721579,169442.27031046542,169442.27031046542,131788.43246369532,169442.27031046542,131788.43246369532,141201.89192538784,150615.35138708036,75307.67569354018,75307.67569354018,84721.13515523271,28240.37838507757,,,,,,,,,,,,,,,,,,,,,,,,,,,,,,,,,,,,,,,,,
,,,,,,,,,,,,,,,,,,,65894.21623184766,112961.51354031028,112961.51354031028,160028.81084877288,178855.7297721579,150615.35138708036,122374.9730020028,244749.9460040056,197682.64869554297,94134.59461692523,150615.35138708036,150615.35138708036,188269.18923385045,141201.89192538784,103548.05407861774,141201.89192538784,207096.1081572355,141201.89192538784,169442.27031046542,160028.81084877288,131788.43246369532,103548.05407861774,188269.18923385045,169442.27031046542,169442.27031046542,178855.7297721579,150615.35138708036,131788.43246369532,178855.7297721579,122374.9730020028,160028.81084877288,150615.35138708036,150615.35138708036,103548.05407861774,178855.7297721579,112961.51354031028,169442.27031046542,131788.43246369532,197682.64869554297,178855.7297721579,160028.81084877288,188269.18923385045,150615.35138708036,94134.59461692523,150615.35138708036,178855.7297721579,197682.64869554297,207096.1081572355,160028.81084877288,94134.59461692523,122374.9730020028,112961.51354031028,141201.89192538784,150615.35138708036,150615.35138708036,84721.13515523271,150615.35138708036,103548.05407861774,141201.89192538784,103548.05407861774,103548.05407861774,160028.81084877288,75307.67569354018,65894.21623184766,94134.59461692523,94134.59461692523,141201.89192538784,,,,,,,,,,,,,,,,,,,,,,,,,,,,,,,,,,,,,,,,,,
,,,,,,,,,,,,,,,,,,,75307.67569354018,131788.43246369532,141201.89192538784,131788.43246369532,216509.56761892803,178855.7297721579,131788.43246369532,150615.35138708036,150615.35138708036,169442.27031046542,178855.7297721579,122374.9730020028,197682.64869554297,150615.35138708036,122374.9730020028,131788.43246369532,122374.9730020028,141201.89192538784,207096.1081572355,112961.51354031028,150615.35138708036,188269.18923385045,160028.81084877288,65894.21623184766,150615.35138708036,197682.64869554297,103548.05407861774,94134.59461692523,94134.59461692523,141201.89192538784,178855.7297721579,188269.18923385045,122374.9730020028,207096.1081572355,169442.27031046542,197682.64869554297,122374.9730020028,141201.89192538784,207096.1081572355,197682.64869554297,160028.81084877288,84721.13515523271,188269.18923385045,178855.7297721579,131788.43246369532,197682.64869554297,150615.35138708036,141201.89192538784,188269.18923385045,122374.9730020028,112961.51354031028,131788.43246369532,160028.81084877288,169442.27031046542,47067.297308462614,178855.7297721579,141201.89192538784,112961.51354031028,65894.21623184766,122374.9730020028,84721.13515523271,122374.9730020028,94134.59461692523,94134.59461692523,112961.51354031028,84721.13515523271,84721.13515523271,,,,,,,,,,,,,,,,,,,,,,,,,,,,,,,,,,,,,,,,,,
,,,,,,,,,,,,,,,,,,,65894.21623184766,160028.81084877288,75307.67569354018,84721.13515523271,169442.27031046542,122374.9730020028,122374.9730020028,188269.18923385045,160028.81084877288,112961.51354031028,131788.43246369532,160028.81084877288,188269.18923385045,112961.51354031028,131788.43246369532,94134.59461692523,103548.05407861774,150615.35138708036,188269.18923385045,122374.9730020028,94134.59461692523,141201.89192538784,150615.35138708036,131788.43246369532,84721.13515523271,160028.81084877288,122374.9730020028,131788.43246369532,122374.9730020028,160028.81084877288,169442.27031046542,122374.9730020028,94134.59461692523,112961.51354031028,225923.02708062055,112961.51354031028,141201.89192538784,131788.43246369532,103548.05407861774,169442.27031046542,103548.05407861774,75307.67569354018,188269.18923385045,150615.35138708036,160028.81084877288,103548.05407861774,188269.18923385045,94134.59461692523,141201.89192538784,150615.35138708036,103548.05407861774,122374.9730020028,112961.51354031028,169442.27031046542,141201.89192538784,94134.59461692523,169442.27031046542,169442.27031046542,169442.27031046542,141201.89192538784,169442.27031046542,65894.21623184766,112961.51354031028,122374.9730020028,65894.21623184766,56480.75677015514,,,,,,,,,,,,,,,,,,,,,,,,,,,,,,,,,,,,,,,,,,,
,,,,,,,,,,,,,,,,,,84721.13515523271,56480.75677015514,150615.35138708036,103548.05407861774,122374.9730020028,150615.35138708036,150615.35138708036,94134.59461692523,188269.18923385045,122374.9730020028,216509.56761892803,310644.1622358532,141201.89192538784,103548.05407861774,122374.9730020028,84721.13515523271,150615.35138708036,131788.43246369532,141201.89192538784,150615.35138708036,131788.43246369532,103548.05407861774,150615.35138708036,131788.43246369532,103548.05407861774,169442.27031046542,112961.51354031028,188269.18923385045,160028.81084877288,207096.1081572355,216509.56761892803,178855.7297721579,84721.13515523271,94134.59461692523,169442.27031046542,131788.43246369532,84721.13515523271,169442.27031046542,197682.64869554297,160028.81084877288,244749.9460040056,122374.9730020028,150615.35138708036,122374.9730020028,160028.81084877288,160028.81084877288,150615.35138708036,160028.81084877288,141201.89192538784,150615.35138708036,254163.40546569807,160028.81084877288,188269.18923385045,263576.86492739065,150615.35138708036,103548.05407861774,141201.89192538784,94134.59461692523,150615.35138708036,169442.27031046542,47067.297308462614,75307.67569354018,75307.67569354018,150615.35138708036,150615.35138708036,84721.13515523271,122374.9730020028,,,,,,,,,,,,,,,,,,,,,,,,,,,,,,,,,,,,,,,,,,,
,,,,,,,,,,,,,,,,,122374.9730020028,84721.13515523271,84721.13515523271,122374.9730020028,84721.13515523271,160028.81084877288,103548.05407861774,188269.18923385045,122374.9730020028,160028.81084877288,197682.64869554297,301230.7027741607,433019.13523785607,207096.1081572355,197682.64869554297,103548.05407861774,169442.27031046542,84721.13515523271,122374.9730020028,112961.51354031028,197682.64869554297,103548.05407861774,122374.9730020028,103548.05407861774,103548.05407861774,141201.89192538784,131788.43246369532,112961.51354031028,94134.59461692523,150615.35138708036,150615.35138708036,131788.43246369532,112961.51354031028,141201.89192538784,216509.56761892803,141201.89192538784,197682.64869554297,178855.7297721579,150615.35138708036,131788.43246369532,37653.83784677009,122374.9730020028,225923.02708062055,122374.9730020028,207096.1081572355,169442.27031046542,141201.89192538784,160028.81084877288,141201.89192538784,47067.297308462614,141201.89192538784,178855.7297721579,122374.9730020028,169442.27031046542,122374.9730020028,122374.9730020028,122374.9730020028,103548.05407861774,112961.51354031028,141201.89192538784,131788.43246369532,122374.9730020028,112961.51354031028,94134.59461692523,131788.43246369532,94134.59461692523,94134.59461692523,94134.59461692523,,,,,,,,,,,,,,,,,,,,,,,,,,,,,,,,,,,,,,,,,,,
,,,,,,,,,,,,,,,,,141201.89192538784,103548.05407861774,122374.9730020028,131788.43246369532,150615.35138708036,178855.7297721579,94134.59461692523,188269.18923385045,160028.81084877288,169442.27031046542,131788.43246369532,131788.43246369532,188269.18923385045,103548.05407861774,160028.81084877288,235336.48654231307,103548.05407861774,131788.43246369532,131788.43246369532,141201.89192538784,94134.59461692523,169442.27031046542,112961.51354031028,141201.89192538784,112961.51354031028,103548.05407861774,131788.43246369532,131788.43246369532,112961.51354031028,65894.21623184766,207096.1081572355,141201.89192538784,197682.64869554297,75307.67569354018,103548.05407861774,141201.89192538784,75307.67569354018,141201.89192538784,150615.35138708036,160028.81084877288,141201.89192538784,188269.18923385045,207096.1081572355,141201.89192538784,103548.05407861774,160028.81084877288,131788.43246369532,65894.21623184766,94134.59461692523,150615.35138708036,122374.9730020028,131788.43246369532,112961.51354031028,131788.43246369532,150615.35138708036,84721.13515523271,112961.51354031028,131788.43246369532,160028.81084877288,169442.27031046542,112961.51354031028,235336.48654231307,141201.89192538784,103548.05407861774,112961.51354031028,75307.67569354018,,,,,,,,,,,,,,,,,,,,,,,,,,,,,,,,,,,,,,,,,,,,,
,,,,,,,,,,,,,,,,,84721.13515523271,112961.51354031028,150615.35138708036,94134.59461692523,141201.89192538784,178855.7297721579,169442.27031046542,150615.35138708036,112961.51354031028,141201.89192538784,122374.9730020028,188269.18923385045,150615.35138708036,65894.21623184766,197682.64869554297,141201.89192538784,94134.59461692523,188269.18923385045,141201.89192538784,178855.7297721579,150615.35138708036,160028.81084877288,103548.05407861774,141201.89192538784,197682.64869554297,122374.9730020028,84721.13515523271,131788.43246369532,160028.81084877288,150615.35138708036,112961.51354031028,178855.7297721579,122374.9730020028,122374.9730020028,150615.35138708036,94134.59461692523,84721.13515523271,207096.1081572355,103548.05407861774,131788.43246369532,141201.89192538784,141201.89192538784,150615.35138708036,103548.05407861774,84721.13515523271,112961.51354031028,84721.13515523271,103548.05407861774,178855.7297721579,169442.27031046542,122374.9730020028,131788.43246369532,197682.64869554297,169442.27031046542,112961.51354031028,122374.9730020028,160028.81084877288,65894.21623184766,75307.67569354018,160028.81084877288,178855.7297721579,160028.81084877288,141201.89192538784,103548.05407861774,103548.05407861774,84721.13515523271,,,,,,,,,,,,,,,,,,,,,,,,,,,,,,,,,,,,,,,,,,,,,
,,,,,,,,,,,,,,,,84721.13515523271,103548.05407861774,84721.13515523271,112961.51354031028,103548.05407861774,160028.81084877288,94134.59461692523,131788.43246369532,160028.81084877288,131788.43246369532,131788.43246369532,141201.89192538784,122374.9730020028,207096.1081572355,150615.35138708036,207096.1081572355,160028.81084877288,150615.35138708036,131788.43246369532,112961.51354031028,188269.18923385045,150615.35138708036,122374.9730020028,150615.35138708036,188269.18923385045,122374.9730020028,150615.35138708036,75307.67569354018,169442.27031046542,103548.05407861774,112961.51354031028,169442.27031046542,160028.81084877288,169442.27031046542,188269.18923385045,160028.81084877288,141201.89192538784,150615.35138708036,131788.43246369532,103548.05407861774,225923.02708062055,160028.81084877288,112961.51354031028,169442.27031046542,122374.9730020028,112961.51354031028,141201.89192538784,94134.59461692523,65894.21623184766,103548.05407861774,178855.7297721579,112961.51354031028,131788.43246369532,141201.89192538784,160028.81084877288,103548.05407861774,65894.21623184766,103548.05407861774,131788.43246369532,178855.7297721579,150615.35138708036,94134.59461692523,103548.05407861774,112961.51354031028,131788.43246369532,150615.35138708036,65894.21623184766,,,,,,,,,,,,,,,,,,,,,,,,,,,,,,,,,,,,,,,,,,,,,
,,,,,,,,,,,,,,,94134.59461692523,84721.13515523271,112961.51354031028,84721.13515523271,150615.35138708036,131788.43246369532,112961.51354031028,197682.64869554297,169442.27031046542,141201.89192538784,216509.56761892803,178855.7297721579,112961.51354031028,235336.48654231307,225923.02708062055,112961.51354031028,141201.89192538784,122374.9730020028,150615.35138708036,103548.05407861774,169442.27031046542,169442.27031046542,150615.35138708036,216509.56761892803,207096.1081572355,94134.59461692523,122374.9730020028,131788.43246369532,169442.27031046542,112961.51354031028,150615.35138708036,178855.7297721579,122374.9730020028,112961.51354031028,169442.27031046542,141201.89192538784,112961.51354031028,141201.89192538784,112961.51354031028,131788.43246369532,94134.59461692523,75307.67569354018,122374.9730020028,84721.13515523271,84721.13515523271,197682.64869554297,244749.9460040056,150615.35138708036,122374.9730020028,122374.9730020028,75307.67569354018,169442.27031046542,169442.27031046542,131788.43246369532,75307.67569354018,122374.9730020028,112961.51354031028,150615.35138708036,112961.51354031028,188269.18923385045,94134.59461692523,112961.51354031028,150615.35138708036,112961.51354031028,103548.05407861774,84721.13515523271,131788.43246369532,75307.67569354018,,,,,,,,,,,,,,,,,,,,,,,,,,,,,,,,,,,,,,,,,,,,,
,,,,,,,,,,,,,,,84721.13515523271,112961.51354031028,103548.05407861774,56480.75677015514,112961.51354031028,160028.81084877288,160028.81084877288,131788.43246369532,160028.81084877288,207096.1081572355,131788.43246369532,131788.43246369532,160028.81084877288,254163.40546569807,235336.48654231307,188269.18923385045,178855.7297721579,197682.64869554297,103548.05407861774,178855.7297721579,131788.43246369532,141201.89192538784,160028.81084877288,150615.35138708036,150615.35138708036,207096.1081572355,65894.21623184766,56480.75677015514,122374.9730020028,141201.89192538784,65894.21623184766,150615.35138708036,122374.9730020028,47067.297308462614,141201.89192538784,94134.59461692523,122374.9730020028,131788.43246369532,207096.1081572355,178855.7297721579,75307.67569354018,150615.35138708036,112961.51354031028,94134.59461692523,197682.64869554297,47067.297308462614,112961.51354031028,131788.43246369532,169442.27031046542,178855.7297721579,160028.81084877288,112961.51354031028,178855.7297721579,94134.59461692523,188269.18923385045,141201.89192538784,84721.13515523271,122374.9730020028,122374.9730020028,103548.05407861774,178855.7297721579,122374.9730020028,150615.35138708036,178855.7297721579,131788.43246369532,112961.51354031028,37653.83784677009,,,,,,,,,,,,,,,,,,,,,,,,,,,,,,,,,,,,,,,,,,,,,,
,,,,,,,,,,,,,,75307.67569354018,122374.9730020028,112961.51354031028,150615.35138708036,160028.81084877288,197682.64869554297,207096.1081572355,94134.59461692523,141201.89192538784,254163.40546569807,197682.64869554297,103548.05407861774,235336.48654231307,122374.9730020028,169442.27031046542,188269.18923385045,178855.7297721579,141201.89192538784,235336.48654231307,84721.13515523271,141201.89192538784,160028.81084877288,150615.35138708036,150615.35138708036,188269.18923385045,282403.7838507757,207096.1081572355,103548.05407861774,75307.67569354018,112961.51354031028,56480.75677015514,103548.05407861774,160028.81084877288,178855.7297721579,94134.59461692523,103548.05407861774,84721.13515523271,131788.43246369532,122374.9730020028,197682.64869554297,141201.89192538784,131788.43246369532,197682.64869554297,169442.27031046542,122374.9730020028,94134.59461692523,94134.59461692523,103548.05407861774,103548.05407861774,94134.59461692523,169442.27031046542,131788.43246369532,131788.43246369532,84721.13515523271,103548.05407861774,84721.13515523271,197682.64869554297,84721.13515523271,94134.59461692523,216509.56761892803,150615.35138708036,122374.9730020028,112961.51354031028,150615.35138708036,84721.13515523271,112961.51354031028,112961.51354031028,103548.05407861774,,,,,,,,,,,,,,,,,,,,,,,,,,,,,,,,,,,,,,,,,,,,,,
,,,,,,,,,,,,,,65894.21623184766,94134.59461692523,141201.89192538784,84721.13515523271,150615.35138708036,150615.35138708036,131788.43246369532,122374.9730020028,225923.02708062055,122374.9730020028,160028.81084877288,160028.81084877288,65894.21623184766,94134.59461692523,188269.18923385045,254163.40546569807,141201.89192538784,169442.27031046542,141201.89192538784,169442.27031046542,112961.51354031028,141201.89192538784,141201.89192538784,112961.51354031028,122374.9730020028,131788.43246369532,122374.9730020028,178855.7297721579,131788.43246369532,94134.59461692523,207096.1081572355,141201.89192538784,207096.1081572355,94134.59461692523,150615.35138708036,112961.51354031028,160028.81084877288,150615.35138708036,160028.81084877288,112961.51354031028,141201.89192538784,188269.18923385045,160028.81084877288,141201.89192538784,84721.13515523271,65894.21623184766,122374.9730020028,169442.27031046542,141201.89192538784,103548.05407861774,112961.51354031028,141201.89192538784,178855.7297721579,122374.9730020028,141201.89192538784,197682.64869554297,84721.13515523271,112961.51354031028,169442.27031046542,160028.81084877288,141201.89192538784,150615.35138708036,160028.81084877288,103548.05407861774,141201.89192538784,103548.05407861774,122374.9730020028,,,,,,,,,,,,,,,,,,,,,,,,,,,,,,,,,,,,,,,,,,,,,,,
,,,,,,,,,,,,,47067.297308462614,84721.13515523271,131788.43246369532,112961.51354031028,150615.35138708036,169442.27031046542,169442.27031046542,84721.13515523271,178855.7297721579,112961.51354031028,131788.43246369532,122374.9730020028,188269.18923385045,178855.7297721579,94134.59461692523,112961.51354031028,254163.40546569807,216509.56761892803,141201.89192538784,122374.9730020028,188269.18923385045,131788.43246369532,216509.56761892803,112961.51354031028,112961.51354031028,122374.9730020028,103548.05407861774,122374.9730020028,207096.1081572355,197682.64869554297,178855.7297721579,75307.67569354018,75307.67569354018,122374.9730020028,141201.89192538784,141201.89192538784,94134.59461692523,141201.89192538784,150615.35138708036,160028.81084877288,84721.13515523271,103548.05407861774,150615.35138708036,84721.13515523271,75307.67569354018,103548.05407861774,103548.05407861774,160028.81084877288,188269.18923385045,197682.64869554297,122374.9730020028,207096.1081572355,160028.81084877288,178855.7297721579,122374.9730020028,150615.35138708036,169442.27031046542,122374.9730020028,160028.81084877288,122374.9730020028,150615.35138708036,112961.51354031028,103548.05407861774,169442.27031046542,122374.9730020028,122374.9730020028,75307.67569354018,65894.21623184766,,,,,,,,,,,,,,,,,,,,,,,,,,,,,,,,,,,,,,,,,,,,,,,
,,,,,,,,,,,,56480.75677015514,84721.13515523271,103548.05407861774,131788.43246369532,150615.35138708036,75307.67569354018,141201.89192538784,122374.9730020028,150615.35138708036,150615.35138708036,131788.43246369532,216509.56761892803,150615.35138708036,131788.43246369532,169442.27031046542,150615.35138708036,178855.7297721579,291817.24331246817,263576.86492739065,197682.64869554297,160028.81084877288,160028.81084877288,150615.35138708036,141201.89192538784,263576.86492739065,141201.89192538784,169442.27031046542,103548.05407861774,122374.9730020028,150615.35138708036,160028.81084877288,141201.89192538784,94134.59461692523,75307.67569354018,122374.9730020028,131788.43246369532,160028.81084877288,197682.64869554297,141201.89192538784,75307.67569354018,131788.43246369532,103548.05407861774,94134.59461692523,207096.1081572355,122374.9730020028,112961.51354031028,141201.89192538784,141201.89192538784,112961.51354031028,131788.43246369532,141201.89192538784,122374.9730020028,150615.35138708036,112961.51354031028,103548.05407861774,197682.64869554297,160028.81084877288,235336.48654231307,122374.9730020028,122374.9730020028,75307.67569354018,141201.89192538784,150615.35138708036,188269.18923385045,169442.27031046542,131788.43246369532,141201.89192538784,122374.9730020028,,,,,,,,,,,,,,,,,,,,,,,,,,,,,,,,,,,,,,,,,,,,,,,,
,,,,,,,,,,,,112961.51354031028,131788.43246369532,84721.13515523271,75307.67569354018,169442.27031046542,131788.43246369532,122374.9730020028,178855.7297721579,188269.18923385045,131788.43246369532,188269.18923385045,160028.81084877288,207096.1081572355,150615.35138708036,282403.7838507757,141201.89192538784,216509.56761892803,160028.81084877288,207096.1081572355,207096.1081572355,141201.89192538784,150615.35138708036,188269.18923385045,197682.64869554297,150615.35138708036,65894.21623184766,94134.59461692523,150615.35138708036,122374.9730020028,169442.27031046542,207096.1081572355,94134.59461692523,207096.1081572355,103548.05407861774,103548.05407861774,94134.59461692523,150615.35138708036,141201.89192538784,112961.51354031028,112961.51354031028,75307.67569354018,84721.13515523271,122374.9730020028,84721.13515523271,188269.18923385045,160028.81084877288,169442.27031046542,122374.9730020028,150615.35138708036,103548.05407861774,188269.18923385045,65894.21623184766,160028.81084877288,160028.81084877288,84721.13515523271,131788.43246369532,122374.9730020028,131788.43246369532,131788.43246369532,169442.27031046542,141201.89192538784,197682.64869554297,141201.89192538784,84721.13515523271,65894.21623184766,84721.13515523271,94134.59461692523,65894.21623184766,,,,,,,,,,,,,,,,,,,,,,,,,,,,,,,,,,,,,,,,,,,,,,,,
,,,,,,,,,,,84721.13515523271,103548.05407861774,122374.9730020028,197682.64869554297,103548.05407861774,150615.35138708036,112961.51354031028,131788.43246369532,150615.35138708036,150615.35138708036,197682.64869554297,188269.18923385045,235336.48654231307,94134.59461692523,160028.81084877288,122374.9730020028,178855.7297721579,178855.7297721579,197682.64869554297,141201.89192538784,150615.35138708036,169442.27031046542,150615.35138708036,131788.43246369532,160028.81084877288,112961.51354031028,169442.27031046542,141201.89192538784,131788.43246369532,131788.43246369532,103548.05407861774,160028.81084877288,169442.27031046542,169442.27031046542,197682.64869554297,178855.7297721579,141201.89192538784,197682.64869554297,169442.27031046542,94134.59461692523,150615.35138708036,207096.1081572355,254163.40546569807,207096.1081572355,56480.75677015514,94134.59461692523,169442.27031046542,131788.43246369532,103548.05407861774,94134.59461692523,150615.35138708036,75307.67569354018,103548.05407861774,160028.81084877288,160028.81084877288,84721.13515523271,131788.43246369532,112961.51354031028,103548.05407861774,122374.9730020028,84721.13515523271,141201.89192538784,131788.43246369532,178855.7297721579,75307.67569354018,75307.67569354018,56480.75677015514,122374.9730020028,141201.89192538784,,,,,,,,,,,,,,,,,,,,,,,,,,,,,,,,,,,,,,,,,,,,,,,,
,,,,,,,,,,,84721.13515523271,65894.21623184766,131788.43246369532,169442.27031046542,160028.81084877288,131788.43246369532,178855.7297721579,169442.27031046542,178855.7297721579,112961.51354031028,141201.89192538784,188269.18923385045,188269.18923385045,244749.9460040056,112961.51354031028,235336.48654231307,131788.43246369532,244749.9460040056,197682.64869554297,103548.05407861774,84721.13515523271,188269.18923385045,169442.27031046542,244749.9460040056,112961.51354031028,169442.27031046542,235336.48654231307,244749.9460040056,150615.35138708036,131788.43246369532,112961.51354031028,141201.89192538784,188269.18923385045,207096.1081572355,169442.27031046542,150615.35138708036,141201.89192538784,216509.56761892803,94134.59461692523,103548.05407861774,103548.05407861774,141201.89192538784,272990.32438908314,122374.9730020028,103548.05407861774,112961.51354031028,112961.51354031028,225923.02708062055,150615.35138708036,103548.05407861774,169442.27031046542,160028.81084877288,169442.27031046542,141201.89192538784,150615.35138708036,131788.43246369532,131788.43246369532,122374.9730020028,112961.51354031028,150615.35138708036,122374.9730020028,122374.9730020028,141201.89192538784,141201.89192538784,103548.05407861774,112961.51354031028,122374.9730020028,94134.59461692523,,,,,,,,,,,,,,,,,,,,,,,,,,,,,,,,,,,,,,,,,,,,,,,,,
,,,,,,,,,,,56480.75677015514,197682.64869554297,141201.89192538784,103548.05407861774,131788.43246369532,197682.64869554297,94134.59461692523,112961.51354031028,160028.81084877288,178855.7297721579,178855.7297721579,112961.51354031028,178855.7297721579,103548.05407861774,160028.81084877288,235336.48654231307,131788.43246369532,150615.35138708036,112961.51354031028,56480.75677015514,112961.51354031028,207096.1081572355,178855.7297721579,254163.40546569807,178855.7297721579,122374.9730020028,188269.18923385045,188269.18923385045,112961.51354031028,197682.64869554297,188269.18923385045,197682.64869554297,65894.21623184766,131788.43246369532,94134.59461692523,141201.89192538784,169442.27031046542,150615.35138708036,103548.05407861774,94134.59461692523,160028.81084877288,188269.18923385045,122374.9730020028,122374.9730020028,160028.81084877288,141201.89192538784,150615.35138708036,94134.59461692523,169442.27031046542,188269.18923385045,150615.35138708036,216509.56761892803,103548.05407861774,103548.05407861774,75307.67569354018,112961.51354031028,75307.67569354018,131788.43246369532,131788.43246369532,112961.51354031028,141201.89192538784,112961.51354031028,84721.13515523271,150615.35138708036,122374.9730020028,84721.13515523271,103548.05407861774,,,,,,,,,,,,,,,,,,,,,,,,,,,,,,,,,,,,,,,,,,,,,,,,,,
,,,,,,,,,,,103548.05407861774,122374.9730020028,122374.9730020028,131788.43246369532,225923.02708062055,150615.35138708036,131788.43246369532,141201.89192538784,178855.7297721579,160028.81084877288,141201.89192538784,169442.27031046542,94134.59461692523,197682.64869554297,160028.81084877288,150615.35138708036,225923.02708062055,244749.9460040056,131788.43246369532,169442.27031046542,65894.21623184766,169442.27031046542,112961.51354031028,197682.64869554297,112961.51354031028,188269.18923385045,94134.59461692523,131788.43246369532,160028.81084877288,160028.81084877288,94134.59461692523,160028.81084877288,94134.59461692523,160028.81084877288,122374.9730020028,103548.05407861774,84721.13515523271,112961.51354031028,103548.05407861774,75307.67569354018,103548.05407861774,225923.02708062055,150615.35138708036,122374.9730020028,103548.05407861774,131788.43246369532,169442.27031046542,84721.13515523271,122374.9730020028,103548.05407861774,169442.27031046542,197682.64869554297,188269.18923385045,169442.27031046542,169442.27031046542,47067.297308462614,141201.89192538784,75307.67569354018,75307.67569354018,141201.89192538784,84721.13515523271,150615.35138708036,75307.67569354018,94134.59461692523,94134.59461692523,75307.67569354018,,,,,,,,,,,,,,,,,,,,,,,,,,,,,,,,,,,,,,,,,,,,,,,,,,,
,,,,,,,,,,75307.67569354018,122374.9730020028,122374.9730020028,131788.43246369532,207096.1081572355,141201.89192538784,160028.81084877288,169442.27031046542,169442.27031046542,141201.89192538784,188269.18923385045,225923.02708062055,150615.35138708036,160028.81084877288,131788.43246369532,197682.64869554297,207096.1081572355,131788.43246369532,188269.18923385045,141201.89192538784,122374.9730020028,112961.51354031028,178855.7297721579,216509.56761892803,150615.35138708036,197682.64869554297,169442.27031046542,75307.67569354018,160028.81084877288,197682.64869554297,178855.7297721579,150615.35138708036,188269.18923385045,160028.81084877288,188269.18923385045,112961.51354031028,178855.7297721579,94134.59461692523,75307.67569354018,112961.51354031028,131788.43246369532,122374.9730020028,178855.7297721579,112961.51354031028,122374.9730020028,178855.7297721579,122374.9730020028,112961.51354031028,160028.81084877288,141201.89192538784,131788.43246369532,169442.27031046542,112961.51354031028,122374.9730020028,103548.05407861774,169442.27031046542,131788.43246369532,122374.9730020028,160028.81084877288,160028.81084877288,141201.89192538784,169442.27031046542,150615.35138708036,56480.75677015514,75307.67569354018,122374.9730020028,,,,,,,,,,,,,,,,,,,,,,,,,,,,,,,,,,,,,,,,,,,,,,,,,,,,
,,,,,,,,,103548.05407861774,131788.43246369532,141201.89192538784,150615.35138708036,122374.9730020028,160028.81084877288,112961.51354031028,103548.05407861774,188269.18923385045,207096.1081572355,131788.43246369532,141201.89192538784,169442.27031046542,178855.7297721579,197682.64869554297,197682.64869554297,131788.43246369532,188269.18923385045,103548.05407861774,103548.05407861774,141201.89192538784,150615.35138708036,160028.81084877288,131788.43246369532,112961.51354031028,112961.51354031028,94134.59461692523,169442.27031046542,169442.27031046542,197682.64869554297,197682.64869554297,160028.81084877288,131788.43246369532,112961.51354031028,197682.64869554297,160028.81084877288,65894.21623184766,94134.59461692523,103548.05407861774,141201.89192538784,150615.35138708036,84721.13515523271,141201.89192538784,141201.89192538784,141201.89192538784,160028.81084877288,160028.81084877288,122374.9730020028,122374.9730020028,131788.43246369532,141201.89192538784,178855.7297721579,150615.35138708036,150615.35138708036,94134.59461692523,141201.89192538784,169442.27031046542,131788.43246369532,131788.43246369532,103548.05407861774,141201.89192538784,169442.27031046542,178855.7297721579,131788.43246369532,141201.89192538784,122374.9730020028,56480.75677015514,,,,,,,,,,,,,,,,,,,,,,,,,,,,,,,,,,,,,,,,,,,,,,,,,,,,
,,,,,,,,,150615.35138708036,56480.75677015514,141201.89192538784,150615.35138708036,122374.9730020028,141201.89192538784,75307.67569354018,207096.1081572355,160028.81084877288,178855.7297721579,141201.89192538784,197682.64869554297,244749.9460040056,188269.18923385045,122374.9730020028,122374.9730020028,112961.51354031028,150615.35138708036,160028.81084877288,178855.7297721579,141201.89192538784,178855.7297721579,160028.81084877288,141201.89192538784,112961.51354031028,169442.27031046542,141201.89192538784,141201.89192538784,225923.02708062055,150615.35138708036,103548.05407861774,112961.51354031028,207096.1081572355,216509.56761892803,207096.1081572355,131788.43246369532,84721.13515523271,150615.35138708036,37653.83784677009,141201.89192538784,150615.35138708036,169442.27031046542,103548.05407861774,160028.81084877288,178855.7297721579,56480.75677015514,207096.1081572355,160028.81084877288,197682.64869554297,141201.89192538784,235336.48654231307,169442.27031046542,112961.51354031028,150615.35138708036,103548.05407861774,65894.21623184766,150615.35138708036,169442.27031046542,84721.13515523271,131788.43246369532,94134.59461692523,122374.9730020028,141201.89192538784,150615.35138708036,122374.9730020028,103548.05407861774,,,,,,,,,,,,,,,,,,,,,,,,,,,,,,,,,,,,,,,,,,,,,,,,,,,,,
,,,,,,,,,112961.51354031028,84721.13515523271,160028.81084877288,169442.27031046542,131788.43246369532,207096.1081572355,94134.59461692523,103548.05407861774,84721.13515523271,141201.89192538784,160028.81084877288,197682.64869554297,160028.81084877288,150615.35138708036,150615.35138708036,225923.02708062055,131788.43246369532,141201.89192538784,141201.89192538784,169442.27031046542,122374.9730020028,112961.51354031028,112961.51354031028,160028.81084877288,178855.7297721579,225923.02708062055,216509.56761892803,188269.18923385045,103548.05407861774,141201.89192538784,150615.35138708036,150615.35138708036,169442.27031046542,122374.9730020028,178855.7297721579,216509.56761892803,131788.43246369532,131788.43246369532,131788.43246369532,94134.59461692523,56480.75677015514,178855.7297721579,112961.51354031028,160028.81084877288,103548.05407861774,112961.51354031028,131788.43246369532,75307.67569354018,150615.35138708036,122374.9730020028,160028.81084877288,84721.13515523271,75307.67569354018,169442.27031046542,84721.13515523271,65894.21623184766,160028.81084877288,112961.51354031028,150615.35138708036,160028.81084877288,103548.05407861774,188269.18923385045,103548.05407861774,150615.35138708036,84721.13515523271,94134.59461692523,,,,,,,,,,,,,,,,,,,,,,,,,,,,,,,,,,,,,,,,,,,,,,,,,,,,,
,,,,,,,,,122374.9730020028,122374.9730020028,112961.51354031028,160028.81084877288,131788.43246369532,103548.05407861774,178855.7297721579,112961.51354031028,131788.43246369532,169442.27031046542,178855.7297721579,169442.27031046542,169442.27031046542,188269.18923385045,169442.27031046542,131788.43246369532,112961.51354031028,84721.13515523271,103548.05407861774,131788.43246369532,141201.89192538784,207096.1081572355,131788.43246369532,197682.64869554297,169442.27031046542,216509.56761892803,188269.18923385045,178855.7297721579,188269.18923385045,150615.35138708036,103548.05407861774,131788.43246369532,263576.86492739065,141201.89192538784,122374.9730020028,178855.7297721579,84721.13515523271,197682.64869554297,160028.81084877288,141201.89192538784,160028.81084877288,188269.18923385045,103548.05407861774,94134.59461692523,103548.05407861774,122374.9730020028,131788.43246369532,94134.59461692523,131788.43246369532,160028.81084877288,141201.89192538784,197682.64869554297,84721.13515523271,37653.83784677009,141201.89192538784,169442.27031046542,160028.81084877288,150615.35138708036,112961.51354031028,94134.59461692523,103548.05407861774,84721.13515523271,122374.9730020028,112961.51354031028,141201.89192538784,,,,,,,,,,,,,,,,,,,,,,,,,,,,,,,,,,,,,,,,,,,,,,,,,,,,,,
,,,,,,,,,141201.89192538784,84721.13515523271,112961.51354031028,103548.05407861774,225923.02708062055,94134.59461692523,141201.89192538784,188269.18923385045,160028.81084877288,188269.18923385045,207096.1081572355,178855.7297721579,141201.89192538784,225923.02708062055,178855.7297721579,141201.89192538784,122374.9730020028,150615.35138708036,84721.13515523271,84721.13515523271,178855.7297721579,225923.02708062055,188269.18923385045,150615.35138708036,141201.89192538784,122374.9730020028,188269.18923385045,169442.27031046542,188269.18923385045,225923.02708062055,150615.35138708036,131788.43246369532,150615.35138708036,235336.48654231307,141201.89192538784,188269.18923385045,75307.67569354018,160028.81084877288,188269.18923385045,235336.48654231307,131788.43246369532,131788.43246369532,103548.05407861774,122374.9730020028,207096.1081572355,65894.21623184766,207096.1081572355,160028.81084877288,65894.21623184766,94134.59461692523,178855.7297721579,103548.05407861774,150615.35138708036,84721.13515523271,75307.67569354018,169442.27031046542,94134.59461692523,131788.43246369532,122374.9730020028,244749.9460040056,131788.43246369532,160028.81084877288,94134.59461692523,56480.75677015514,94134.59461692523,,,,,,,,,,,,,,,,,,,,,,,,,,,,,,,,,,,,,,,,,,,,,,,,,,,,,,
,,,,,,,,,,94134.59461692523,122374.9730020028,141201.89192538784,197682.64869554297,94134.59461692523,75307.67569354018,160028.81084877288,178855.7297721579,122374.9730020028,160028.81084877288,150615.35138708036,225923.02708062055,150615.35138708036,150615.35138708036,169442.27031046542,178855.7297721579,103548.05407861774,188269.18923385045,160028.81084877288,160028.81084877288,169442.27031046542,122374.9730020028,178855.7297721579,244749.9460040056,122374.9730020028,178855.7297721579,131788.43246369532,112961.51354031028,207096.1081572355,150615.35138708036,169442.27031046542,160028.81084877288,188269.18923385045,122374.9730020028,169442.27031046542,131788.43246369532,112961.51354031028,122374.9730020028,178855.7297721579,178855.7297721579,150615.35138708036,103548.05407861774,150615.35138708036,160028.81084877288,122374.9730020028,131788.43246369532,131788.43246369532,141201.89192538784,94134.59461692523,103548.05407861774,103548.05407861774,112961.51354031028,75307.67569354018,84721.13515523271,112961.51354031028,103548.05407861774,141201.89192538784,160028.81084877288,131788.43246369532,103548.05407861774,94134.59461692523,178855.7297721579,65894.21623184766,,,,,,,,,,,,,,,,,,,,,,,,,,,,,,,,,,,,,,,,,,,,,,,,,,,,,,,
,,,,,,,,,,84721.13515523271,112961.51354031028,122374.9730020028,84721.13515523271,197682.64869554297,75307.67569354018,131788.43246369532,178855.7297721579,160028.81084877288,112961.51354031028,178855.7297721579,103548.05407861774,197682.64869554297,216509.56761892803,225923.02708062055,84721.13515523271,188269.18923385045,169442.27031046542,216509.56761892803,150615.35138708036,207096.1081572355,160028.81084877288,131788.43246369532,197682.64869554297,150615.35138708036,150615.35138708036,150615.35138708036,169442.27031046542,131788.43246369532,188269.18923385045,103548.05407861774,122374.9730020028,131788.43246369532,94134.59461692523,160028.81084877288,94134.59461692523,122374.9730020028,188269.18923385045,207096.1081572355,160028.81084877288,244749.9460040056,141201.89192538784,112961.51354031028,112961.51354031028,160028.81084877288,131788.43246369532,112961.51354031028,122374.9730020028,122374.9730020028,112961.51354031028,103548.05407861774,112961.51354031028,141201.89192538784,160028.81084877288,94134.59461692523,160028.81084877288,94134.59461692523,94134.59461692523,169442.27031046542,84721.13515523271,122374.9730020028,65894.21623184766,84721.13515523271,,,,,,,,,,,,,,,,,,,,,,,,,,,,,,,,,,,,,,,,,,,,,,,,,,,,,,,
,,,,,,,,,,,131788.43246369532,75307.67569354018,94134.59461692523,84721.13515523271,56480.75677015514,56480.75677015514,103548.05407861774,188269.18923385045,94134.59461692523,160028.81084877288,94134.59461692523,122374.9730020028,244749.9460040056,103548.05407861774,178855.7297721579,150615.35138708036,141201.89192538784,131788.43246369532,141201.89192538784,169442.27031046542,112961.51354031028,178855.7297721579,169442.27031046542,197682.64869554297,263576.86492739065,122374.9730020028,141201.89192538784,141201.89192538784,84721.13515523271,150615.35138708036,122374.9730020028,169442.27031046542,131788.43246369532,141201.89192538784,160028.81084877288,112961.51354031028,75307.67569354018,122374.9730020028,150615.35138708036,160028.81084877288,94134.59461692523,131788.43246369532,141201.89192538784,150615.35138708036,131788.43246369532,131788.43246369532,178855.7297721579,169442.27031046542,103548.05407861774,103548.05407861774,65894.21623184766,131788.43246369532,150615.35138708036,178855.7297721579,84721.13515523271,122374.9730020028,178855.7297721579,141201.89192538784,103548.05407861774,141201.89192538784,75307.67569354018,,,,,,,,,,,,,,,,,,,,,,,,,,,,,,,,,,,,,,,,,,,,,,,,,,,,,,,,
,,,,,,,,,,,,,,,,,,,,,,28240.37838507757,103548.05407861774,37653.83784677009,94134.59461692523,75307.67569354018,75307.67569354018,169442.27031046542,122374.9730020028,169442.27031046542,141201.89192538784,160028.81084877288,84721.13515523271,150615.35138708036,122374.9730020028,103548.05407861774,225923.02708062055,169442.27031046542,178855.7297721579,169442.27031046542,141201.89192538784,160028.81084877288,112961.51354031028,207096.1081572355,141201.89192538784,254163.40546569807,75307.67569354018,122374.9730020028,160028.81084877288,169442.27031046542,75307.67569354018,188269.18923385045,131788.43246369532,178855.7297721579,160028.81084877288,103548.05407861774,131788.43246369532,169442.27031046542,160028.81084877288,178855.7297721579,122374.9730020028,169442.27031046542,178855.7297721579,169442.27031046542,141201.89192538784,188269.18923385045,122374.9730020028,178855.7297721579,94134.59461692523,75307.67569354018,,,,,,,,,,,,,,,,,,,,,,,,,,,,,,,,,,,,,,,,,,,,,,,,,,,,,,,,,
,,,,,,,,,,,,,,,,,,,,,,,,,,,,94134.59461692523,84721.13515523271,112961.51354031028,169442.27031046542,122374.9730020028,225923.02708062055,207096.1081572355,150615.35138708036,291817.24331246817,178855.7297721579,188269.18923385045,141201.89192538784,169442.27031046542,112961.51354031028,150615.35138708036,131788.43246369532,225923.02708062055,103548.05407861774,122374.9730020028,225923.02708062055,178855.7297721579,141201.89192538784,178855.7297721579,65894.21623184766,84721.13515523271,178855.7297721579,160028.81084877288,122374.9730020028,112961.51354031028,141201.89192538784,207096.1081572355,141201.89192538784,160028.81084877288,188269.18923385045,84721.13515523271,131788.43246369532,131788.43246369532,141201.89192538784,178855.7297721579,169442.27031046542,112961.51354031028,84721.13515523271,65894.21623184766,,,,,,,,,,,,,,,,,,,,,,,,,,,,,,,,,,,,,,,,,,,,,,,,,,,,,,,,,
,,,,,,,,,,,,,,,,,,,,,,,,,,,,,,,56480.75677015514,188269.18923385045,178855.7297721579,197682.64869554297,122374.9730020028,197682.64869554297,188269.18923385045,197682.64869554297,207096.1081572355,160028.81084877288,310644.1622358532,160028.81084877288,169442.27031046542,160028.81084877288,103548.05407861774,169442.27031046542,112961.51354031028,94134.59461692523,122374.9730020028,197682.64869554297,84721.13515523271,150615.35138708036,178855.7297721579,169442.27031046542,197682.64869554297,122374.9730020028,122374.9730020028,103548.05407861774,160028.81084877288,150615.35138708036,131788.43246369532,207096.1081572355,188269.18923385045,141201.89192538784,112961.51354031028,112961.51354031028,122374.9730020028,160028.81084877288,112961.51354031028,,,,,,,,,,,,,,,,,,,,,,,,,,,,,,,,,,,,,,,,,,,,,,,,,,,,,,,,,,
,,,,,,,,,,,,,,,,,,,,,,,,,,,,,,,,37653.83784677009,188269.18923385045,188269.18923385045,197682.64869554297,150615.35138708036,122374.9730020028,141201.89192538784,150615.35138708036,160028.81084877288,188269.18923385045,141201.89192538784,112961.51354031028,103548.05407861774,141201.89192538784,94134.59461692523,160028.81084877288,141201.89192538784,207096.1081572355,178855.7297721579,131788.43246369532,178855.7297721579,141201.89192538784,197682.64869554297,141201.89192538784,131788.43246369532,103548.05407861774,94134.59461692523,112961.51354031028,131788.43246369532,122374.9730020028,169442.27031046542,216509.56761892803,94134.59461692523,169442.27031046542,141201.89192538784,169442.27031046542,122374.9730020028,28240.37838507757,,,,,,,,,,,,,,,,,,,,,,,,,,,,,,,,,,,,,,,,,,,,,,,,,,,,,,,,,,
,,,,,,,,,,,,,,,,,,,,,,,,,,,,,,,,,,65894.21623184766,131788.43246369532,188269.18923385045,122374.9730020028,150615.35138708036,141201.89192538784,141201.89192538784,188269.18923385045,207096.1081572355,122374.9730020028,216509.56761892803,188269.18923385045,122374.9730020028,131788.43246369532,197682.64869554297,207096.1081572355,169442.27031046542,103548.05407861774,141201.89192538784,141201.89192538784,150615.35138708036,150615.35138708036,103548.05407861774,112961.51354031028,84721.13515523271,103548.05407861774,160028.81084877288,160028.81084877288,122374.9730020028,254163.40546569807,150615.35138708036,178855.7297721579,131788.43246369532,197682.64869554297,84721.13515523271,,,,,,,,,,,,,,,,,,,,,,,,,,,,,,,,,,,,,,,,,,,,,,,,,,,,,,,,,,,
,,,,,,,,,,,,,,,,,,,,,,,,,,,,,,,,,,,,,84721.13515523271,112961.51354031028,207096.1081572355,112961.51354031028,112961.51354031028,141201.89192538784,141201.89192538784,150615.35138708036,141201.89192538784,131788.43246369532,75307.67569354018,178855.7297721579,197682.64869554297,225923.02708062055,207096.1081572355,235336.48654231307,141201.89192538784,160028.81084877288,131788.43246369532,188269.18923385045,150615.35138708036,150615.35138708036,94134.59461692523,141201.89192538784,84721.13515523271,103548.05407861774,160028.81084877288,225923.02708062055,122374.9730020028,150615.35138708036,94134.59461692523,122374.9730020028,,,,,,,,,,,,,,,,,,,,,,,,,,,,,,,,,,,,,,,,,,,,,,,,,,,,,,,,,,,
,,,,,,,,,,,,,,,,,,,,,,,,,,,,,,,,,,,,,,,75307.67569354018,178855.7297721579,207096.1081572355,216509.56761892803,65894.21623184766,122374.9730020028,188269.18923385045,150615.35138708036,207096.1081572355,112961.51354031028,65894.21623184766,65894.21623184766,235336.48654231307,141201.89192538784,160028.81084877288,160028.81084877288,112961.51354031028,122374.9730020028,160028.81084877288,178855.7297721579,150615.35138708036,188269.18923385045,169442.27031046542,169442.27031046542,131788.43246369532,112961.51354031028,103548.05407861774,94134.59461692523,84721.13515523271,94134.59461692523,,,,,,,,,,,,,,,,,,,,,,,,,,,,,,,,,,,,,,,,,,,,,,,,,,,,,,,,,,,
,,,,,,,,,,,,,,,,,,,,,,,,,,,,,,,,,,,,,,,,75307.67569354018,84721.13515523271,169442.27031046542,150615.35138708036,141201.89192538784,122374.9730020028,112961.51354031028,131788.43246369532,150615.35138708036,141201.89192538784,131788.43246369532,160028.81084877288,178855.7297721579,131788.43246369532,178855.7297721579,103548.05407861774,131788.43246369532,160028.81084877288,65894.21623184766,75307.67569354018,141201.89192538784,131788.43246369532,84721.13515523271,169442.27031046542,197682.64869554297,122374.9730020028,197682.64869554297,131788.43246369532,,,,,,,,,,,,,,,,,,,,,,,,,,,,,,,,,,,,,,,,,,,,,,,,,,,,,,,,,,,,
,,,,,,,,,,,,,,,,,,,,,,,,,,,,,,,,,,,,,,,,,,103548.05407861774,197682.64869554297,131788.43246369532,122374.9730020028,197682.64869554297,122374.9730020028,178855.7297721579,75307.67569354018,207096.1081572355,178855.7297721579,150615.35138708036,84721.13515523271,150615.35138708036,112961.51354031028,188269.18923385045,207096.1081572355,94134.59461692523,131788.43246369532,122374.9730020028,75307.67569354018,188269.18923385045,84721.13515523271,103548.05407861774,84721.13515523271,150615.35138708036,65894.21623184766,,,,,,,,,,,,,,,,,,,,,,,,,,,,,,,,,,,,,,,,,,,,,,,,,,,,,,,,,,,,
,,,,,,,,,,,,,,,,,,,,,,,,,,,,,,,,,,,,,,,,,,,103548.05407861774,188269.18923385045,207096.1081572355,188269.18923385045,188269.18923385045,150615.35138708036,150615.35138708036,188269.18923385045,178855.7297721579,84721.13515523271,112961.51354031028,188269.18923385045,84721.13515523271,141201.89192538784,188269.18923385045,169442.27031046542,141201.89192538784,112961.51354031028,141201.89192538784,131788.43246369532,131788.43246369532,103548.05407861774,103548.05407861774,84721.13515523271,,,,,,,,,,,,,,,,,,,,,,,,,,,,,,,,,,,,,,,,,,,,,,,,,,,,,,,,,,,,,
,,,,,,,,,,,,,,,,,,,,,,,,,,,,,,,,,,,,,,,,,,,,122374.9730020028,112961.51354031028,141201.89192538784,160028.81084877288,103548.05407861774,94134.59461692523,131788.43246369532,160028.81084877288,141201.89192538784,207096.1081572355,254163.40546569807,131788.43246369532,103548.05407861774,131788.43246369532,141201.89192538784,169442.27031046542,160028.81084877288,47067.297308462614,103548.05407861774,84721.13515523271,141201.89192538784,169442.27031046542,94134.59461692523,,,,,,,,,,,,,,,,,,,,,,,,,,,,,,,,,,,,,,,,,,,,,,,,,,,,,,,,,,,,,
,,,,,,,,,,,,,,,,,,,,,,,,,,,,,,,,,,,,,,,,,,,,,75307.67569354018,178855.7297721579,160028.81084877288,103548.05407861774,103548.05407861774,150615.35138708036,141201.89192538784,150615.35138708036,75307.67569354018,141201.89192538784,103548.05407861774,169442.27031046542,141201.89192538784,94134.59461692523,131788.43246369532,141201.89192538784,122374.9730020028,122374.9730020028,178855.7297721579,103548.05407861774,94134.59461692523,,,,,,,,,,,,,,,,,,,,,,,,,,,,,,,,,,,,,,,,,,,,,,,,,,,,,,,,,,,,,,
,,,,,,,,,,,,,,,,,,,,,,,,,,,,,,,,,,,,,,,,,,,,,,75307.67569354018,141201.89192538784,103548.05407861774,197682.64869554297,65894.21623184766,103548.05407861774,141201.89192538784,131788.43246369532,197682.64869554297,131788.43246369532,94134.59461692523,150615.35138708036,112961.51354031028,141201.89192538784,122374.9730020028,169442.27031046542,112961.51354031028,94134.59461692523,65894.21623184766,,,,,,,,,,,,,,,,,,,,,,,,,,,,,,,,,,,,,,,,,,,,,,,,,,,,,,,,,,,,,,,
,,,,,,,,,,,,,,,,,,,,,,,,,,,,,,,,,,,,,,,,,,,,,,,122374.9730020028,216509.56761892803,160028.81084877288,150615.35138708036,84721.13515523271,141201.89192538784,141201.89192538784,122374.9730020028,131788.43246369532,75307.67569354018,188269.18923385045,94134.59461692523,112961.51354031028,207096.1081572355,103548.05407861774,122374.9730020028,103548.05407861774,,,,,,,,,,,,,,,,,,,,,,,,,,,,,,,,,,,,,,,,,,,,,,,,,,,,,,,,,,,,,,,,
,,,,,,,,,,,,,,,,,,,,,,,,,,,,,,,,,,,,,,,,,,,,,,,103548.05407861774,131788.43246369532,94134.59461692523,263576.86492739065,141201.89192538784,141201.89192538784,65894.21623184766,112961.51354031028,169442.27031046542,112961.51354031028,160028.81084877288,131788.43246369532,160028.81084877288,84721.13515523271,122374.9730020028,122374.9730020028,47067.297308462614,,,,,,,,,,,,,,,,,,,,,,,,,,,,,,,,,,,,,,,,,,,,,,,,,,,,,,,,,,,,,,,,
,,,,,,,,,,,,,,,,,,,,,,,,,,,,,,,,,,,,,,,,,,,,,,,,103548.05407861774,103548.05407861774,178855.7297721579,94134.59461692523,150615.35138708036,169442.27031046542,131788.43246369532,216509.56761892803,94134.59461692523,225923.02708062055,122374.9730020028,254163.40546569807,178855.7297721579,178855.7297721579,141201.89192538784,141201.89192538784,,,,,,,,,,,,,,,,,,,,,,,,,,,,,,,,,,,,,,,,,,,,,,,,,,,,,,,,,,,,,,,,
,,,,,,,,,,,,,,,,,,,,,,,,,,,,,,,,,,,,,,,,,,,,,,,,47067.297308462614,178855.7297721579,112961.51354031028,160028.81084877288,122374.9730020028,141201.89192538784,112961.51354031028,103548.05407861774,65894.21623184766,103548.05407861774,112961.51354031028,141201.89192538784,112961.51354031028,150615.35138708036,75307.67569354018,84721.13515523271,,,,,,,,,,,,,,,,,,,,,,,,,,,,,,,,,,,,,,,,,,,,,,,,,,,,,,,,,,,,,,,,
,,,,,,,,,,,,,,,,,,,,,,,,,,,,,,,,,,,,,,,,,,,,,,,,,178855.7297721579,103548.05407861774,141201.89192538784,131788.43246369532,178855.7297721579,103548.05407861774,160028.81084877288,131788.43246369532,160028.81084877288,103548.05407861774,84721.13515523271,112961.51354031028,94134.59461692523,84721.13515523271,,,,,,,,,,,,,,,,,,,,,,,,,,,,,,,,,,,,,,,,,,,,,,,,,,,,,,,,,,,,,,,,,
,,,,,,,,,,,,,,,,,,,,,,,,,,,,,,,,,,,,,,,,,,,,,,,,,94134.59461692523,103548.05407861774,150615.35138708036,178855.7297721579,122374.9730020028,84721.13515523271,94134.59461692523,112961.51354031028,150615.35138708036,84721.13515523271,112961.51354031028,131788.43246369532,75307.67569354018,,,,,,,,,,,,,,,,,,,,,,,,,,,,,,,,,,,,,,,,,,,,,,,,,,,,,,,,,,,,,,,,,,
,,,,,,,,,,,,,,,,,,,,,,,,,,,,,,,,,,,,,,,,,,,,,,,,,47067.297308462614,169442.27031046542,122374.9730020028,131788.43246369532,141201.89192538784,75307.67569354018,160028.81084877288,169442.27031046542,160028.81084877288,103548.05407861774,75307.67569354018,103548.05407861774,84721.13515523271,,,,,,,,,,,,,,,,,,,,,,,,,,,,,,,,,,,,,,,,,,,,,,,,,,,,,,,,,,,,,,,,,,
