1,0,1,1,1,2,2,0,2,3,1,0,1,0,0,2,3,0,0,0,4,0,2,1,5,1,2,3,3,2,2,2,3,3,0,1,2,0,2,1,2,1,2,1,1,1,2,0,4,2,2,1,2,4,0,3,2,0,2,3,3,2,1,0,2,2,1,1,0,3,2,4,5,2,2,1,1,0,3,2,1,1,3,0,0,2,2,1,4,3,4,1,0,1,1,0,1,2,5,0,0,0,1,0,2,1,0,1,0,0,0,3,0,1,1,2,1,1,1,2,0,1,1,1,0,0,1,1
1,2,1,1,0,4,1,2,1,1,2,2,1,1,0,3,0,1,1,4,1,0,4,0,0,2,1,0,0,0,1,3,4,1,2,2,1,2,1,4,1,0,2,1,4,3,1,1,4,3,3,1,2,4,2,2,2,1,3,1,1,4,1,2,2,1,1,1,1,1,0,1,4,2,2,1,1,3,0,1,1,0,2,0,0,1,2,1,2,0,0,2,2,0,0,1,0,0,0,1,2,1,1,1,2,1,2,3,0,2,1,2,1,0,0,1,2,4,2,1,3,2,1,1,0,1,1,0
1,4,1,1,1,1,0,0,3,1,3,3,1,0,4,5,1,0,1,0,0,1,3,2,1,2,2,2,1,1,4,5,0,2,3,1,2,0,2,1,0,1,1,2,1,2,0,0,5,1,0,1,1,3,1,2,1,0,2,0,3,1,0,3,1,3,2,4,1,1,1,0,5,2,0,2,2,1,1,3,4,2,1,1,2,0,1,1,0,0,1,2,0,2,2,1,0,0,0,3,3,0,1,0,1,0,1,2,0,1,2,2,0,1,1,1,1,2,1,1,2,0,1,0,2,2,2,1
3,2,0,1,1,2,2,1,2,1,1,0,1,1,0,1,1,0,2,2,1,0,1,1,0,1,1,0,1,3,1,1,0,0,1,0,5,2,1,2,3,1,1,2,4,2,0,0,2,8,10,4,3,9,3,1,0,0,0,0,1,3,1,0,0,2,1,1,1,0,1,0,0,1,1,1,2,2,1,4,3,0,0,1,3,1,0,1,4,2,0,3,3,2,1,0,2,0,0,1,0,0,0,2,1,2,1,1,4,1,0,1,2,0,0,0,0,2,2,1,0,0,1,1,0,0,2,4
1,3,3,1,1,3,1,4,2,0,1,2,2,1,1,2,4,3,1,1,1,1,2,1,1,1,5,1,1,3,0,1,0,2,2,0,3,3,1,4,3,6,5,5,2,0,2,1,3,48,28,17,6,3,1,1,1,2,2,0,3,1,0,2,1,1,1,0,0,3,2,1,1,2,0,1,1,1,0,1,2,3,1,1,1,1,2,3,3,1,2,0,0,0,1,1,0,1,3,2,0,1,0,2,1,0,2,2,1,2,1,2,4,0,1,1,1,0,0,1,1,0,2,1,1,2,3,0
2,2,3,1,1,3,0,0,0,2,2,1,0,1,0,2,2,3,1,1,2,6,1,0,4,2,1,0,2,0,1,0,1,0,1,0,2,3,0,3,3,4,8,9,8,11,4,5,7,75,28,6,15,8,2,6,2,7,6,0,2,0,0,1,0,2,0,1,0,0,0,2,1,0,2,1,0,2,2,0,3,2,0,1,2,2,3,0,2,1,1,0,0,0,2,0,0,0,0,0,1,0,0,2,1,0,2,3,1,0,0,0,1,0,1,1,2,1,2,0,0,3,1,2,0,0,0,1
1,2,0,2,1,0,0,1,0,2,1,0,2,1,0,1,1,2,0,1,0,1,1,3,0,1,0,0,0,1,0,2,0,0,2,3,1,5,4,7,5,2,3,6,4,5,4,6,13,100,29,6,5,7,6,6,5,7,5,4,1,4,1,1,2,1,2,1,1,0,2,1,0,1,0,3,2,1,1,2,1,0,1,4,3,0,1,0,0,1,1,2,0,3,1,2,3,1,2,0,0,3,0,1,1,0,1,0,0,2,0,1,2,2,0,0,1,1,4,1,1,0,0,0,0,0,2,0
0,2,0,2,1,1,2,0,0,0,6,1,3,1,0,3,1,2,0,3,1,0,2,0,1,0,1,0,0,0,1,2,0,2,0,0,2,5,3,3,6,6,5,10,7,6,8,5,7,24,7,6,5,11,3,6,7,6,10,2,0,2,0,1,1,0,1,4,1,0,1,0,0,0,1,2,3,1,2,4,2,1,0,1,1,0,2,4,0,1,1,1,1,3,0,0,1,2,2,0,1,1,1,0,0,2,1,3,1,2,2,1,4,1,2,1,1,4,1,0,2,1,0,1,1,1,0,1
1,4,0,0,1,1,0,1,2,0,0,1,0,1,1,1,0,0,2,1,1,0,2,0,1,1,1,0,3,2,2,1,3,3,0,5,4,3,6,5,3,3,6,7,7,8,7,4,6,4,5,6,3,4,5,6,10,6,3,2,6,4,3,4,2,4,0,3,5,1,0,2,2,2,1,2,2,4,1,1,2,1,3,4,1,3,3,1,2,2,1,1,2,0,1,1,2,0,2,2,1,0,0,3,0,1,1,2,1,2,1,1,1,2,2,1,1,3,2,3,1,1,0,1,0,1,1,1
1,1,0,0,2,0,4,1,3,0,0,0,1,2,1,2,3,2,1,1,0,0,0,0,2,1,1,1,3,1,2,0,2,2,5,2,3,5,4,5,3,5,4,4,7,8,4,6,8,1,4,7,6,7,4,6,4,3,3,4,6,2,3,5,6,7,4,1,1,2,0,1,0,0,0,0,1,1,0,2,2,0,3,1,0,0,2,0,2,2,1,1,2,1,0,0,2,3,1,1,1,0,1,2,0,0,0,0,2,1,1,0,1,2,1,0,3,1,0,2,3,1,0,2,0,0,0,0
2,1,0,1,1,1,3,0,2,0,1,1,1,0,3,1,4,0,0,0,0,1,2,1,2,1,1,1,1,3,1,4,0,3,3,3,9,5,6,8,4,5,7,10,5,5,6,5,8,7,11,7,5,8,5,5,7,7,11,3,5,4,2,13,6,6,10,4,4,3,1,1,1,2,1,1,1,2,3,1,1,3,2,0,1,2,0,0,0,2,0,2,1,1,1,1,0,1,0,0,3,1,1,2,1,3,0,2,2,0,1,2,3,0,0,1,1,1,0,1,1,3,4,1,0,1,0,0
1,1,2,1,1,0,1,1,2,1,0,0,0,0,0,2,0,2,1,1,2,0,0,3,1,2,3,3,2,2,1,0,4,7,11,3,5,2,4,6,5,7,7,8,6,1,7,4,8,1,5,6,3,5,7,6,7,6,3,1,8,5,6,8,6,8,10,6,7,4,4,1,2,6,2,4,1,3,2,1,1,2,1,0,0,0,0,3,0,0,3,0,0,0,0,0,0,0,2,2,1,1,1,2,2,1,0,0,0,1,1,2,2,1,0,1,1,0,1,0,0,0,3,3,0,2,0,1
0,1,0,4,1,2,0,0,0,0,3,0,2,2,0,0,1,0,2,1,0,1,0,2,2,1,1,2,3,2,0,5,1,10,8,6,4,8,4,10,7,7,2,1,2,15,6,5,8,10,9,9,9,9,10,12,10,6,10,9,5,8,8,3,9,7,5,8,8,11,8,5,10,4,2,2,1,0,1,1,0,0,2,1,2,1,3,1,1,1,2,0,2,2,1,1,2,1,0,2,0,2,0,2,0,2,0,0,2,1,1,3,1,1,0,2,1,0,2,1,2,0,1,2,0,2,0,2
1,0,0,0,0,1,0,2,2,2,3,2,1,1,1,0,2,1,2,2,1,2,1,0,2,1,2,2,0,1,4,3,4,23,28,8,4,11,6,6,8,5,6,7,7,13,9,9,6,3,9,7,5,7,11,10,8,4,9,4,7,3,2,9,7,2,9,3,4,9,7,7,7,5,4,0,1,1,0,1,0,3,1,1,0,3,5,0,1,3,1,0,3,1,2,1,1,2,1,3,0,1,2,0,0,1,0,0,1,2,1,0,5,0,1,1,4,0,2,0,1,0,0,0,1,0,2,1
1,0,1,0,0,1,1,3,0,3,1,0,2,2,0,1,0,2,2,3,0,0,0,0,0,1,1,0,1,2,1,2,16,50,34,7,10,6,9,0,2,4,6,10,4,11,3,7,7,8,7,7,9,7,10,13,14,11,6,4,5,5,8,3,7,6,6,11,8,10,5,6,17,5,9,9,6,5,6,0,8,0,1,2,0,1,1,2,1,1,2,3,2,1,1,2,1,1,2,0,2,1,1,0,2,1,1,2,1,0,1,0,2,0,2,0,1,0,0,3,0,0,0,3,2,0,1,0
1,0,2,1,1,0,0,2,2,1,3,3,0,2,2,1,1,0,1,0,2,1,1,0,3,1,1,1,0,0,6,4,16,36,15,8,3,8,14,11,6,5,4,6,11,6,14,11,11,11,11,12,8,6,9,7,10,8,7,10,5,12,8,7,9,4,9,4,8,5,7,6,3,6,5,4,4,2,5,5,11,4,7,2,2,5,1,2,1,2,1,0,4,2,1,1,0,1,1,3,1,0,1,0,1,0,2,1,0,0,0,2,2,0,3,0,2,0,0,0,0,0,0,1,3,2,0,0
1,1,0,1,0,0,0,0,0,2,3,0,0,0,1,2,1,4,2,0,1,4,4,0,0,1,0,2,1,0,3,6,22,23,12,11,7,3,3,12,8,11,9,9,10,11,14,6,12,15,15,9,12,8,3,13,21,6,9,10,13,7,6,5,5,5,5,6,4,3,6,3,9,3,4,4,9,9,8,3,5,9,6,9,3,9,3,3,3,5,7,1,2,2,1,1,3,1,4,0,1,2,1,0,0,1,0,4,1,1,2,1,2,2,1,1,2,0,4,0,1,1,2,1,2,3,1,1
1,1,2,2,1,1,1,0,0,2,2,0,0,2,1,1,1,2,1,0,2,2,3,0,3,1,0,0,0,1,3,9,21,21,10,8,12,9,11,12,10,11,9,8,19,14,15,13,15,13,13,11,5,14,5,4,13,13,14,15,9,10,12,4,7,11,8,13,8,9,9,6,8,4,4,6,2,2,2,6,9,5,10,11,7,5,5,1,2,2,2,3,1,5,4,3,9,3,2,1,1,0,1,1,2,1,2,1,2,3,2,1,3,2,0,0,0,4,2,3,0,1,1,0,3,1,2,1
1,2,3,1,3,0,3,2,2,2,1,0,1,2,2,0,3,3,1,2,0,2,1,0,1,0,1,1,1,4,6,8,16,15,6,5,12,6,12,9,13,21,12,11,11,15,4,16,9,13,18,11,19,13,16,10,19,6,15,6,12,9,9,6,9,14,10,13,7,5,13,8,4,7,4,4,3,10,3,3,1,8,3,18,10,10,5,3,3,3,4,5,3,3,4,7,9,3,0,1,3,0,1,1,0,1,2,3,3,1,1,2,0,0,2,0,0,1,2,0,1,1,1,1,2,0,2,1
0,3,1,2,0,1,0,1,0,3,2,0,3,0,1,0,0,3,1,2,2,0,1,1,0,0,0,3,2,3,4,10,11,11,5,4,10,8,9,11,23,11,15,9,14,10,11,13,11,14,18,10,21,12,18,13,12,11,14,9,13,13,21,15,12,13,12,7,5,8,10,10,10,4,13,6,10,2,3,4,9,3,5,19,31,19,6,6,2,5,7,2,8,5,5,8,10,4,0,3,0,1,1,3,1,0,1,3,0,0,0,1,1,2,0,1,2,1,1,1,0,0,1,0,3,0,0,5
0,0,1,1,1,2,2,1,1,3,1,0,2,1,2,1,0,1,3,2,0,1,0,1,2,1,1,4,2,8,4,12,19,6,6,5,8,8,7,15,12,8,19,9,13,7,4,10,12,24,15,12,16,27,15,18,14,8,19,17,18,18,17,20,18,11,10,15,15,13,9,15,16,8,6,8,9,15,13,10,7,3,3,16,22,63,19,7,1,5,6,6,10,7,4,7,4,3,5,1,0,0,1,4,4,0,0,1,1,2,2,0,3,4,1,2,0,0,0,2,3,0,0,1,0,1,0,1
0,1,1,2,0,1,0,2,1,1,1,0,0,0,0,0,1,0,1,0,0,2,2,0,1,0,1,6,6,6,7,8,8,5,9,10,13,4,12,15,17,12,7,12,10,17,13,18,19,15,19,14,11,14,22,37,20,13,7,16,23,19,15,19,10,14,17,14,6,15,20,14,11,13,9,12,6,7,11,8,6,9,7,3,20,28,17,4,9,9,1,8,8,9,7,10,7,3,5,5,2,5,3,5,2,1,0,3,2,0,3,2,1,2,1,3,1,1,1,2,0,0,2,0,2,1,0,2
1,0,1,3,3,0,0,3,2,2,2,0,3,1,2,2,0,2,2,0,1,0,2,0,0,3,0,1,5,2,3,10,10,8,6,12,7,6,13,8,16,11,15,13,12,17,11,14,15,18,22,12,20,20,45,30,19,18,16,21,21,27,15,24,13,21,13,13,20,12,15,15,15,15,17,15,7,13,10,12,13,6,8,10,6,10,16,7,3,4,6,4,3,3,7,6,5,8,7,9,4,11,4,5,3,3,2,1,1,2,2,2,2,1,2,1,2,3,2,1,2,0,0,2,0,0,2,1
0,1,2,3,2,0,1,0,2,0,1,1,3,2,1,2,0,0,2,4,0,1,1,1,2,0,0,6,5,8,8,0,11,8,4,11,13,13,14,10,10,11,12,11,17,22,10,18,20,24,24,11,18,24,25,25,15,11,16,18,12,20,29,20,18,15,18,11,20,17,18,15,11,17,20,16,18,7,12,16,12,8,5,7,13,8,16,7,10,6,6,6,7,6,10,5,11,9,7,7,3,12,8,5,6,1,5,1,2,2,2,0,3,0,1,2,0,2,2,1,1,1,1,1,0,1,1,0
1,2,1,1,3,0,0,1,1,3,0,2,1,0,2,1,1,0,0,1,2,1,0,1,3,5,3,5,7,5,6,4,7,5,8,10,7,8,12,7,8,22,11,10,16,17,10,20,20,23,16,24,17,35,23,18,15,16,21,17,25,37,29,16,22,29,10,16,14,14,22,15,22,36,31,22,21,24,22,13,18,9,9,15,12,14,8,9,10,6,7,5,8,6,3,7,9,7,7,9,8,3,7,3,9,4,4,4,4,4,0,5,1,4,0,1,0,2,2,1,2,1,3,0,0,0,0,1
1,3,0,1,0,1,1,0,2,2,0,0,1,2,4,0,0,2,1,2,1,1,1,1,1,3,4,6,2,3,7,4,9,5,9,11,13,16,11,18,8,17,16,12,13,17,25,15,14,20,20,30,14,23,26,25,22,33,22,30,21,48,54,24,17,14,20,21,55,41,14,18,17,28,37,20,27,16,25,12,7,7,10,12,10,16,19,12,11,17,12,6,3,7,5,3,7,5,10,8,4,7,0,2,2,2,4,6,5,8,2,5,9,14,6,4,2,2,2,3,1,0,1,2,1,2,0,1
2,2,2,2,2,0,1,2,0,3,2,2,1,2,0,2,0,1,2,0,1,3,0,2,3,5,8,3,9,10,7,9,7,15,11,12,17,13,17,13,16,17,25,26,28,16,21,15,27,26,21,22,19,18,28,25,28,22,33,26,52,40,31,21,16,15,21,28,28,21,19,24,23,29,23,15,17,21,15,9,9,15,10,7,11,21,47,17,7,7,10,11,5,7,12,5,7,6,5,2,6,4,4,6,4,3,2,3,5,4,6,9,6,4,7,17,7,1,2,1,2,1,1,1,2,0,0,0
4,2,1,3,0,2,3,0,2,1,2,1,0,1,0,4,0,0,3,0,0,0,1,4,7,6,6,2,6,6,8,10,7,12,9,9,20,12,13,14,18,23,21,16,18,25,19,23,25,33,32,22,29,26,27,36,27,21,22,26,37,41,56,28,27,26,30,29,29,22,19,13,14,15,25,28,22,17,13,13,17,12,16,13,11,14,48,44,8,14,10,10,8,10,9,10,11,7,7,7,7,6,7,4,1,4,6,3,1,4,5,5,5,4,14,19,12,10,4,3,4,0,0,1,1,0,0,4
0,3,2,0,0,1,0,1,0,3,0,0,2,1,3,3,2,0,2,2,0,2,1,2,11,19,9,7,6,9,11,12,10,8,11,15,13,13,17,19,25,26,23,23,23,21,21,30,27,30,24,43,51,38,37,32,33,19,29,38,20,24,30,32,33,32,28,27,30,21,22,31,20,23,23,24,15,15,15,15,15,18,21,12,10,16,12,10,20,15,9,11,12,11,9,5,9,7,9,7,6,5,7,6,5,2,3,9,3,6,5,8,3,16,23,18,13,9,8,1,0,2,1,1,0,0,0,0
1,0,2,1,0,2,0,1,2,2,2,1,1,0,1,2,3,1,0,3,1,1,3,7,7,8,7,5,7,9,9,9,9,16,12,14,19,20,16,22,22,23,25,23,33,31,26,36,40,46,36,37,36,23,38,40,51,37,41,50,26,31,27,29,24,38,37,34,21,21,11,19,25,23,23,20,16,15,15,17,20,18,11,19,14,14,15,16,15,16,17,13,19,9,16,9,6,5,12,7,7,10,10,7,10,3,8,8,1,4,2,8,9,13,17,17,13,8,6,2,2,5,0,1,0,1,1,2
0,1,0,2,1,3,3,1,1,2,1,2,3,0,1,0,0,0,3,1,1,2,4,5,6,3,9,5,10,12,6,4,15,12,13,18,13,16,18,20,26,23,30,23,28,25,32,32,41,33,42,42,31,34,37,41,54,44,37,41,45,30,43,41,31,37,42,26,29,41,20,28,25,28,25,22,36,25,13,16,23,16,26,17,14,18,16,13,7,4,14,10,12,12,10,8,7,10,8,7,8,9,11,8,10,6,10,6,7,9,6,7,4,2,5,8,9,9,4,4,2,2,1,3,3,1,0,1
0,2,0,4,4,3,2,1,1,1,0,1,1,0,1,0,3,0,1,1,3,1,8,8,7,12,6,7,7,8,18,26,14,13,11,11,26,17,28,32,25,24,22,21,27,47,52,40,41,45,50,48,57,48,38,52,56,69,46,57,38,35,42,32,47,35,26,36,47,37,47,33,22,28,25,35,23,22,32,43,34,27,27,11,17,15,17,16,14,13,17,21,12,8,15,17,12,13,11,12,10,13,9,15,9,11,5,4,6,6,4,3,5,1,4,4,6,4,4,5,2,4,2,1,4,2,0,1
0,0,2,0,0,2,0,1,1,0,0,1,1,3,2,2,0,3,1,2,1,6,6,7,5,6,13,7,8,17,51,25,15,17,17,21,30,30,31,34,19,27,31,23,39,33,51,56,56,62,60,51,57,66,60,51,58,60,47,43,51,53,33,55,36,51,41,47,45,41,45,39,41,41,30,28,36,29,29,32,49,48,33,23,20,13,20,17,22,17,11,18,14,16,13,24,16,11,13,12,13,10,8,10,13,10,3,10,7,4,13,6,4,6,3,6,3,2,5,6,5,5,5,5,4,1,1,0
1,0,1,1,0,2,1,2,1,3,1,1,2,0,0,2,1,0,2,3,1,3,8,7,5,5,9,12,16,29,52,15,21,17,17,17,30,36,38,32,26,27,33,42,39,34,66,59,72,40,68,54,61,61,69,66,49,59,62,64,65,64,56,68,48,65,45,60,50,47,37,46,33,28,36,30,49,36,41,52,28,41,20,33,27,24,23,27,21,13,17,18,21,11,15,19,12,11,16,5,11,15,9,14,9,8,10,11,9,4,9,9,4,5,5,3,0,2,4,3,4,2,1,3,2,2,3,0
3,0,0,1,0,1,0,0,1,1,0,2,3,0,3,2,3,1,1,6,2,1,6,4,3,11,5,8,6,11,17,14,20,21,16,32,22,20,19,25,36,40,39,59,32,46,66,79,58,55,61,59,52,71,64,83,62,89,86,85,70,71,50,63,65,63,59,59,50,56,52,48,41,41,42,38,35,33,27,42,25,37,21,30,22,26,22,16,28,26,30,33,25,17,20,16,18,11,14,8,12,8,6,9,16,9,6,11,6,8,6,6,5,6,7,3,5,4,1,3,4,4,0,3,1,1,4,0
1,1,0,0,2,1,1,0,1,0,0,2,1,0,2,2,2,1,1,3,3,3,4,8,8,6,10,9,15,11,17,21,25,18,28,21,23,25,33,30,47,50,52,53,60,71,75,59,62,73,88,74,83,98,78,99,99,99,93,95,83,77,89,64,69,87,86,70,68,44,67,75,62,52,58,51,42,46,37,36,37,39,29,37,16,20,21,24,20,40,31,25,14,20,23,17,6,10,10,9,5,9,13,9,7,11,15,12,8,11,7,4,7,7,7,5,6,6,1,4,4,5,2,4,0,1,0,2
0,1,2,1,1,1,0,4,0,2,0,1,3,2,1,3,1,0,1,3,4,0,2,1,2,12,8,11,13,17,14,12,23,33,33,39,33,36,42,37,65,47,44,40,60,61,88,71,66,70,74,83,98,111,121,116,150,103,104,84,89,94,88,96,96,96,106,114,67,63,64,70,85,98,68,42,42,40,41,41,33,45,27,38,37,41,33,29,19,20,22,20,13,23,31,16,14,20,17,7,14,13,12,10,6,10,15,9,10,9,11,7,6,6,5,8,1,6,5,7,3,5,6,2,1,3,1,1
1,0,1,0,2,0,2,0,1,2,3,1,0,0,0,0,1,5,2,7,1,2,2,8,9,8,7,14,10,12,13,24,24,19,27,41,52,33,38,38,53,51,52,60,91,67,71,86,80,80,104,108,117,73,120,136,137,101,121,135,127,112,112,133,129,84,80,94,94,75,78,83,64,63,78,77,51,56,53,52,42,54,46,46,36,39,38,32,27,25,24,33,25,20,33,24,19,19,15,17,14,9,21,15,14,11,8,6,11,6,3,6,9,7,5,2,1,2,5,6,5,4,3,0,1,2,0,3
2,1,2,1,1,4,1,1,0,1,0,3,2,3,1,0,2,2,3,2,2,5,6,8,6,7,12,18,12,17,16,18,19,18,35,22,35,59,41,47,48,50,54,71,85,76,96,97,88,109,123,133,113,101,120,127,165,144,166,176,135,126,133,135,156,130,111,92,101,107,107,99,75,79,56,79,108,92,80,44,48,54,51,43,40,32,30,33,31,25,25,27,21,22,21,28,13,15,14,12,13,14,13,13,13,14,14,6,13,6,10,10,4,11,4,6,6,7,4,8,7,4,6,3,3,2,0,3
2,2,0,1,0,2,1,1,1,1,0,3,0,1,0,2,2,0,1,4,2,3,5,6,7,9,17,19,14,22,21,28,17,24,36,45,48,42,52,62,95,60,68,74,80,68,88,106,121,121,136,133,149,129,164,149,152,132,150,201,173,158,151,148,137,150,124,132,129,103,109,124,112,87,80,82,88,85,98,69,50,38,58,59,47,41,43,36,32,28,18,25,25,29,27,29,23,17,17,21,11,18,17,10,16,10,8,14,12,11,11,5,7,8,8,4,5,5,5,4,1,6,2,3,4,2,2,1
0,2,2,0,1,3,0,1,0,0,0,0,3,1,0,0,0,2,0,2,5,7,7,15,13,8,10,16,17,25,13,29,26,28,30,32,46,54,49,57,69,62,75,73,90,84,104,133,135,123,115,128,160,159,196,142,200,191,202,220,215,179,152,193,162,175,183,158,152,147,146,125,113,120,114,96,89,78,96,81,69,88,81,72,48,46,57,45,38,36,27,44,23,35,17,22,21,24,20,19,22,12,18,14,14,17,15,11,8,10,9,14,10,10,5,7,6,3,4,5,4,2,2,6,3,1,5,1
2,0,2,1,2,0,1,3,0,2,0,0,5,0,1,1,1,3,2,5,6,3,8,6,9,8,20,23,16,18,26,19,24,27,41,60,33,44,57,80,82,92,95,85,97,104,111,134,120,149,152,140,213,208,172,137,212,213,220,231,212,201,193,215,184,192,192,188,158,160,146,136,153,134,116,115,112,79,87,78,89,80,64,68,64,49,45,47,45,36,30,25,28,39,26,28,31,28,22,17,14,18,11,10,17,16,13,8,14,13,19,19,17,9,8,8,6,1,5,4,5,1,4,2,0,2,4,0
2,0,1,4,0,1,0,2,0,1,0,0,4,1,1,0,0,4,3,1,9,3,10,9,11,9,14,19,14,23,26,35,38,32,36,59,52,58,50,65,74,100,100,140,105,113,100,131,149,152,140,204,222,229,175,225,230,245,263,236,247,226,222,233,214,205,210,227,217,179,188,186,155,170,181,153,124,131,99,94,109,89,82,84,68,49,59,48,48,35,39,35,33,30,22,20,26,23,19,16,15,18,12,12,15,8,11,12,18,13,6,9,7,6,6,11,2,3,6,4,1,8,3,5,3,4,3,2
0,1,0,0,1,2,3,2,4,1,0,0,1,1,0,1,1,2,1,4,5,14,7,10,11,10,10,16,22,27,44,33,41,42,51,62,55,40,68,85,93,115,125,121,136,130,130,177,134,157,165,197,168,175,210,252,235,234,299,287,239,264,270,282,240,260,241,232,212,214,224,221,229,185,188,173,136,123,163,140,111,122,87,110,88,86,70,66,85,45,44,26,37,34,22,33,19,29,26,17,20,20,21,16,6,14,15,16,8,15,5,6,6,9,10,4,8,3,2,5,6,14,7,1,4,3,4,4
1,1,1,2,1,1,1,0,0,2,6,0,0,2,2,1,0,4,5,2,4,7,8,11,15,13,10,24,22,22,46,52,38,39,56,61,71,88,87,84,117,119,139,143,159,148,150,186,165,208,201,170,202,186,208,253,221,264,274,282,258,245,294,271,272,258,270,268,258,260,212,242,196,229,185,191,157,168,150,150,153,170,164,101,95,80,90,77,64,69,56,41,43,28,42,32,22,40,39,38,17,14,23,19,11,12,15,17,10,14,7,5,7,13,4,6,3,4,2,3,3,3,4,1,4,3,0,3
1,2,1,3,0,0,0,1,0,2,2,2,1,0,2,4,3,3,3,9,4,9,14,25,14,20,15,24,32,36,48,49,44,37,53,66,92,92,94,96,117,126,137,150,158,177,171,178,174,189,151,197,267,237,205,231,258,292,292,310,286,276,265,321,277,297,251,281,272,246,264,270,272,256,255,197,232,207,213,179,157,140,176,145,106,95,79,95,73,56,62,54,44,43,34,42,45,52,25,21,26,25,27,14,11,12,16,12,15,6,7,11,4,5,4,7,8,6,8,9,4,4,4,4,2,4,2,3
4,2,1,2,2,3,2,1,1,3,1,2,3,2,2,1,3,4,2,4,7,7,14,21,26,19,21,22,23,36,40,45,43,50,47,68,73,106,86,132,120,148,163,157,164,173,181,181,169,184,202,191,187,207,246,283,288,277,290,263,246,205,275,289,229,213,238,300,296,265,175,227,288,293,309,249,254,245,262,219,185,174,168,160,136,128,101,92,74,74,61,52,53,42,64,58,85,34,36,22,26,21,16,18,16,22,13,8,10,10,11,7,8,4,6,7,7,2,8,6,1,3,3,1,7,2,1,1
2,3,1,0,0,2,3,1,0,2,1,0,0,1,3,1,3,5,4,4,4,9,7,10,11,18,22,22,31,52,42,64,73,65,78,85,111,101,136,110,138,141,149,152,187,195,210,191,205,219,203,180,179,246,294,283,267,284,272,270,261,230,268,218,260,263,200,163,200,177,211,247,284,293,306,282,306,264,259,244,248,183,200,185,182,192,155,118,120,81,101,77,69,71,50,58,58,45,28,35,30,19,19,16,16,19,15,18,14,10,9,13,6,10,11,7,4,4,4,5,4,2,3,5,1,3,4,0
1,3,2,2,3,1,1,0,0,3,3,0,2,2,3,2,3,4,5,4,3,6,11,16,17,12,18,26,36,55,55,46,57,73,81,104,126,145,141,157,142,165,152,183,170,222,222,213,215,176,193,177,229,235,238,224,274,294,287,245,238,242,227,221,235,245,247,172,185,177,212,296,299,289,305,309,327,297,303,294,293,256,231,270,222,202,200,143,137,126,108,112,88,92,61,60,42,42,39,24,39,32,30,22,15,10,16,10,8,14,17,9,8,8,10,5,8,2,8,4,6,5,4,3,5,1,4,1
0,2,2,1,0,2,0,1,0,2,2,2,2,2,1,5,2,6,9,6,8,14,17,9,25,22,25,50,47,45,54,61,66,69,131,129,123,151,179,168,188,175,179,185,211,211,198,250,257,171,244,195,207,253,215,253,292,284,266,219,185,285,265,256,242,194,203,180,222,255,241,268,284,256,298,272,322,312,281,322,324,254,277,280,239,247,254,194,144,125,115,110,98,73,69,60,49,52,38,28,38,22,18,20,19,24,21,12,11,12,16,6,4,7,6,6,9,4,4,5,1,1,0,1,2,4,1,4
2,0,0,0,1,4,3,1,2,2,0,2,1,2,2,6,1,4,2,8,8,6,8,11,18,12,26,40,36,48,57,63,84,80,92,145,154,136,177,203,186,213,215,206,177,209,189,276,260,239,248,256,184,209,224,239,237,264,215,168,171,275,272,216,280,266,232,218,195,242,243,243,283,271,250,256,242,271,286,288,305,294,277,280,255,271,268,235,231,176,124,113,122,92,123,70,65,53,33,32,30,30,21,21,15,20,19,15,17,18,11,11,5,6,9,7,4,7,2,3,3,2,0,3,4,0,1,4
2,2,0,1,1,3,1,1,0,2,2,2,1,1,3,5,8,8,7,7,7,7,10,11,21,21,27,39,64,60,67,71,70,77,104,168,143,165,173,180,192,199,193,211,200,184,159,170,199,221,186,242,240,151,264,293,235,190,219,207,160,228,239,228,269,242,265,211,230,243,238,263,248,214,207,255,244,284,279,300,299,283,328,307,272,290,267,208,237,204,206,170,145,118,95,97,64,45,24,48,48,36,24,24,26,13,23,15,13,12,16,10,6,6,5,1,6,5,8,8,10,5,3,7,0,1,0,1
1,2,1,1,0,2,1,0,1,2,1,1,2,3,6,9,14,5,12,11,8,12,22,23,30,29,33,44,40,57,58,86,91,98,123,161,137,149,165,149,174,184,205,244,213,199,218,180,192,251,225,249,246,210,220,318,247,247,233,201,201,255,265,223,238,222,216,184,203,140,132,124,116,175,157,227,194,210,227,290,293,325,301,306,317,268,287,241,238,225,188,150,127,132,116,103,73,35,34,46,24,28,28,24,15,24,17,15,17,16,6,12,7,8,8,5,5,4,7,4,1,7,5,3,2,1,1,1
2,1,0,0,2,2,2,1,5,1,0,0,0,0,3,8,19,8,8,9,13,15,15,28,34,27,40,48,49,81,91,94,96,112,184,140,154,185,169,177,211,217,217,225,262,198,205,234,223,221,244,260,210,259,306,301,230,229,214,205,190,217,217,230,230,191,128,155,100,84,88,77,104,109,108,139,212,228,249,255,318,314,305,305,279,273,308,261,251,253,225,172,153,123,98,86,46,64,58,46,48,48,24,19,20,19,23,19,10,10,12,12,9,6,11,16,3,5,3,4,9,3,4,4,3,4,0,0
0,3,2,2,0,5,2,1,0,1,1,2,0,3,7,7,19,9,6,9,15,17,21,18,31,28,50,46,58,65,115,98,108,140,129,152,193,162,187,171,202,202,216,189,199,224,225,229,177,130,206,237,232,267,302,285,213,249,221,206,217,228,186,196,189,173,113,84,74,82,68,65,71,80,75,88,131,201,242,236,285,301,295,294,273,328,296,299,290,269,217,195,175,134,98,80,76,58,44,33,45,29,38,22,22,19,10,12,13,17,13,11,5,14,7,3,5,3,5,2,5,6,4,2,5,1,2,2
4,1,2,0,2,5,0,1,0,1,1,1,1,1,3,6,9,13,8,17,14,19,18,36,32,35,41,66,61,78,63,112,126,147,136,163,173,192,227,162,155,219,222,221,206,223,159,160,179,237,228,199,206,222,250,264,232,225,222,206,181,205,253,220,171,130,94,95,87,68,61,66,67,68,47,76,80,134,191,228,227,243,298,299,307,309,276,321,272,255,220,218,202,135,86,63,71,60,46,39,25,33,34,26,26,10,19,11,10,11,9,6,6,11,7,6,5,2,4,4,4,6,5,4,3,2,1,2
1,2,1,1,2,2,2,0,0,3,1,0,2,1,2,8,9,10,11,14,12,20,25,47,35,43,54,76,91,89,79,125,125,161,179,190,206,167,184,181,169,248,258,240,171,226,206,202,206,221,189,216,193,180,257,251,230,213,217,192,194,273,232,153,127,90,77,64,89,64,37,47,31,41,47,46,62,73,163,234,210,250,267,330,317,300,302,295,293,267,219,172,134,153,115,76,69,61,61,30,30,25,20,19,25,18,18,7,15,17,5,9,5,4,3,6,5,3,1,2,2,0,2,0,1,1,0,2
2,0,0,1,0,0,0,0,2,1,1,0,2,4,4,3,16,10,12,13,13,17,25,31,41,47,59,89,77,109,106,153,139,173,194,186,201,161,209,235,228,231,203,221,219,195,174,230,224,158,203,207,210,224,208,252,238,189,221,179,202,241,161,122,88,64,56,57,57,43,41,44,43,35,35,44,58,76,103,187,153,206,301,280,320,286,285,326,274,251,204,197,151,111,97,83,58,51,49,42,38,20,40,25,19,15,21,10,18,13,9,9,1,8,1,3,2,2,6,1,2,1,1,1,1,1,2,3
2,1,0,0,2,3,2,1,1,0,2,0,1,2,3,10,25,29,12,13,18,19,20,28,47,54,79,97,95,86,124,142,176,187,163,191,133,179,171,235,289,275,262,268,245,260,265,253,253,226,224,221,240,236,237,223,226,219,257,255,269,198,131,89,81,57,42,50,53,57,59,55,36,43,33,37,51,72,71,137,153,230,183,212,244,298,287,294,292,248,181,174,135,111,101,89,75,73,42,48,46,33,37,45,18,23,22,8,13,5,12,9,6,4,3,3,5,3,2,2,2,1,1,2,2,0,3,3
2,0,0,2,0,0,2,1,3,4,1,1,1,2,2,2,9,16,12,10,17,24,30,33,54,50,75,88,93,106,132,168,161,149,168,163,187,184,171,220,250,271,319,320,298,266,266,235,253,244,266,237,173,199,281,260,218,235,223,177,127,139,87,94,80,54,37,33,48,60,50,34,28,38,22,45,39,43,51,107,156,257,218,289,317,298,309,283,287,242,195,163,134,121,114,83,64,68,42,40,29,35,36,54,37,16,12,12,6,4,12,9,7,3,3,2,2,4,2,1,1,3,0,2,1,2,6,2
1,2,0,1,3,1,0,3,1,0,2,0,0,1,2,4,6,10,5,15,18,27,34,51,43,53,84,79,119,137,140,146,162,171,219,209,195,146,171,194,226,269,308,321,304,247,225,249,207,192,210,214,195,220,264,241,182,194,203,169,98,91,89,70,68,65,43,33,48,45,35,45,30,30,26,36,36,40,48,96,198,266,261,333,317,297,294,320,258,234,224,173,130,118,122,98,76,69,43,51,40,45,49,25,18,16,11,15,9,8,10,4,0,9,1,6,1,3,0,2,0,0,1,2,1,1,1,2
1,0,1,1,2,3,2,0,4,0,0,1,1,7,4,3,5,9,18,14,22,32,30,46,57,69,87,98,117,156,160,164,220,221,228,236,201,200,195,242,183,230,266,262,242,238,256,249,224,239,282,251,260,247,236,215,225,227,151,133,113,90,57,73,60,61,44,36,25,31,37,32,25,30,38,23,27,33,42,101,190,254,277,287,320,323,329,304,261,211,178,175,112,125,96,82,92,73,51,43,42,28,22,21,20,16,19,10,8,4,5,3,5,1,3,2,1,2,2,1,0,1,2,0,0,1,1,0
2,3,1,0,0,1,0,1,2,2,2,1,2,2,1,2,6,5,12,16,18,37,25,48,55,75,105,90,136,176,200,192,235,190,256,223,241,184,179,227,231,262,288,265,203,192,233,255,263,217,231,223,239,227,209,207,186,162,114,96,106,70,62,52,58,51,37,39,21,22,27,31,33,29,19,27,36,30,49,73,186,282,248,284,291,335,323,257,270,217,176,181,140,115,99,78,80,62,60,47,47,23,25,19,18,14,13,5,10,7,6,5,1,2,6,1,2,4,3,3,1,0,2,2,1,1,0,0
0,1,1,2,1,0,1,2,1,1,0,0,1,2,2,2,10,7,12,17,17,36,37,66,65,101,131,133,148,158,203,212,217,183,233,229,234,211,222,212,237,288,288,251,283,254,236,241,205,175,199,190,200,179,203,181,109,87,54,67,62,55,46,47,46,47,30,28,26,31,28,32,28,19,33,21,16,39,40,87,230,237,236,302,313,304,309,311,235,213,178,169,159,119,104,60,59,46,54,35,28,27,21,22,16,12,18,8,5,6,8,6,3,2,1,2,0,2,1,0,0,1,1,1,2,2,2,3
0,2,1,3,1,2,3,1,0,2,1,1,2,0,0,0,8,11,20,22,28,35,46,60,88,118,143,136,178,191,209,206,175,153,181,220,187,244,271,265,249,256,252,285,249,213,264,182,176,190,171,146,144,105,109,82,57,59,60,64,57,59,62,47,49,35,36,22,13,28,22,28,34,27,23,27,36,33,60,96,214,220,310,245,248,280,295,277,214,182,178,164,136,108,95,69,57,49,46,39,38,25,16,16,11,16,4,6,7,1,2,0,2,0,2,2,0,2,2,2,3,1,2,0,6,1,1,1
2,3,3,2,2,1,1,1,0,0,1,4,3,1,1,8,11,12,16,14,31,41,49,70,95,97,139,132,193,202,241,182,184,211,229,247,260,259,277,247,225,262,281,209,158,222,204,146,118,115,92,77,70,55,71,62,65,69,66,55,57,55,50,50,33,30,28,27,25,28,21,28,28,32,35,37,25,42,63,113,232,240,221,199,248,278,294,255,205,214,208,163,141,126,79,53,64,54,38,32,26,16,19,14,16,12,10,3,1,4,2,2,6,1,3,5,1,4,0,1,2,0,3,0,5,2,2,2
1,2,1,0,4,2,2,0,1,0,0,0,1,0,3,4,7,9,18,31,34,46,70,59,97,132,148,171,187,160,226,222,212,228,260,275,278,285,272,210,216,270,228,185,165,158,121,89,74,66,51,63,41,45,50,44,40,45,73,72,58,52,72,41,29,31,28,21,22,24,26,25,29,29,37,22,40,43,62,136,289,264,171,221,262,303,241,220,220,215,177,157,133,111,83,58,67,53,43,32,22,21,16,5,16,12,6,2,4,2,3,0,2,2,1,1,0,0,2,0,1,0,1,1,2,2,1,1
0,0,2,1,1,1,2,1,2,0,6,1,1,1,2,2,4,18,19,23,42,56,67,84,121,129,163,185,182,193,258,238,237,247,310,250,252,268,233,222,259,257,218,165,158,106,63,69,53,48,48,44,40,47,40,39,36,47,40,56,54,52,38,27,36,25,24,23,22,21,24,29,25,21,30,33,31,51,91,161,265,227,254,258,306,265,262,228,229,195,190,160,106,103,65,63,54,52,31,34,27,14,7,11,7,9,6,2,2,1,1,3,1,0,3,3,1,2,1,1,3,1,3,2,0,4,0,1
0,1,2,2,0,0,3,1,7,1,2,1,1,4,1,3,11,10,31,27,42,65,89,121,131,149,202,219,215,214,231,261,249,231,214,246,259,241,245,252,265,229,192,115,89,59,61,54,63,38,33,35,43,48,31,31,48,71,72,63,51,40,29,37,29,16,21,22,18,22,15,37,28,26,37,36,53,54,117,178,251,250,234,270,245,259,257,209,231,168,153,119,110,76,64,57,47,38,33,31,11,16,8,5,0,5,3,1,1,0,2,1,1,1,1,0,3,1,4,3,0,0,1,0,0,0,1,2
0,2,1,0,1,0,2,1,0,0,0,1,2,0,0,5,14,5,24,33,49,71,93,120,141,171,179,232,251,234,264,276,190,193,243,238,234,189,252,240,204,153,108,79,58,49,53,41,42,38,35,34,46,35,53,65,81,169,155,83,48,43,36,38,28,29,27,27,20,29,20,24,24,39,33,46,55,83,136,221,288,257,243,222,239,248,235,215,217,194,145,131,94,77,64,64,36,45,27,32,17,14,7,7,1,4,3,2,1,2,2,3,2,1,2,0,3,2,1,1,0,4,0,2,0,1,1,3
1,0,2,4,1,3,0,2,2,1,1,0,1,3,3,7,4,17,34,43,42,94,108,115,132,189,201,221,267,288,245,237,222,235,241,248,257,268,319,226,176,143,75,43,42,36,32,37,42,41,34,33,39,53,59,63,101,161,185,126,99,78,51,54,35,31,29,29,34,38,32,37,38,43,39,48,53,83,172,224,281,263,219,278,256,205,238,231,201,196,139,105,101,70,51,60,44,20,32,17,7,7,4,0,2,2,1,1,2,1,1,2,1,1,1,1,2,3,1,2,0,1,2,3,1,2,0,1
0,0,2,2,3,1,4,0,1,2,3,3,0,4,5,5,13,17,28,43,76,109,111,125,157,159,208,229,239,253,233,224,163,263,239,230,233,262,241,181,174,89,45,41,26,21,25,26,41,42,36,50,51,55,31,44,82,136,159,131,93,71,52,26,30,26,22,28,34,28,26,32,36,39,46,44,74,140,229,272,231,224,244,302,283,292,230,211,178,164,126,127,118,76,60,55,44,28,17,19,16,5,4,3,3,1,1,1,2,4,1,4,3,2,2,4,1,0,3,1,2,6,0,3,2,3,2,2
2,2,4,1,3,2,2,1,3,2,1,0,5,2,1,7,10,23,21,54,75,104,121,166,160,205,255,250,259,257,245,241,212,242,252,242,256,238,170,176,134,63,42,32,20,25,36,19,35,27,23,26,28,33,37,51,94,110,139,108,65,51,43,44,27,31,30,25,32,26,36,42,37,40,43,49,81,194,231,275,270,211,247,286,256,263,208,200,211,121,115,102,103,71,56,54,31,22,15,15,7,7,5,2,0,2,2,1,2,0,0,1,0,1,0,0,2,0,1,3,4,1,3,1,0,4,1,1
0,0,1,0,2,1,1,0,4,1,2,2,0,4,4,11,13,27,40,57,87,126,145,160,183,225,235,254,239,281,275,174,223,267,280,207,214,236,114,170,98,45,44,30,18,22,27,19,34,27,23,21,22,31,37,32,47,79,107,76,51,31,34,37,34,16,48,43,29,30,44,41,44,46,63,65,142,240,225,223,220,258,296,287,252,250,242,200,161,125,119,98,65,61,48,43,27,11,12,9,6,0,1,1,3,2,1,0,1,1,2,1,0,1,3,1,1,0,0,2,4,2,1,2,2,0,3,2
0,1,0,2,0,0,0,2,0,1,0,3,4,3,10,11,17,24,42,62,76,115,125,171,185,248,255,255,254,278,309,225,213,258,286,202,248,201,165,122,64,35,25,31,19,21,18,26,21,19,17,19,21,32,21,35,42,48,111,77,47,39,34,37,32,36,28,44,45,40,43,65,50,52,86,121,196,241,206,192,164,155,253,276,243,241,180,185,180,125,85,77,64,59,39,31,26,19,8,4,3,1,3,5,3,3,2,1,1,2,0,1,3,2,2,2,1,4,2,0,0,0,3,2,1,1,0,1
2,2,2,4,0,3,2,0,2,1,1,1,5,8,10,22,34,33,57,72,97,129,143,178,208,256,259,257,272,285,258,288,263,218,231,164,239,258,198,92,48,39,32,24,14,19,22,24,22,25,22,15,17,25,32,29,30,31,43,64,49,26,30,26,19,40,43,46,51,47,55,48,54,79,113,155,190,240,230,148,161,194,256,280,273,202,183,203,136,104,95,82,48,41,37,27,16,8,4,4,3,2,2,3,0,0,0,1,3,2,1,1,1,1,0,3,3,0,0,0,2,0,1,0,2,2,3,0
0,0,2,1,1,2,2,1,1,1,0,5,4,3,10,16,23,34,55,93,109,169,206,197,225,279,278,264,280,267,234,218,204,234,239,233,278,296,188,57,28,35,14,31,29,19,18,25,24,21,21,21,25,25,19,33,29,32,23,25,34,29,35,23,27,37,44,40,40,55,71,48,61,97,161,239,245,222,236,194,208,207,230,232,216,202,188,174,123,103,91,62,45,39,38,22,15,6,2,1,0,0,0,4,0,1,2,1,0,1,1,2,2,1,0,1,2,1,3,1,3,2,1,0,1,0,2,0
1,0,2,4,1,1,2,0,1,2,4,1,3,14,13,16,26,50,72,97,120,161,181,189,238,260,254,272,287,284,279,260,273,287,267,236,282,247,159,55,32,24,21,22,19,19,16,27,26,21,18,17,15,29,22,29,21,28,26,22,34,40,33,34,38,43,39,46,50,62,66,78,105,156,208,265,257,209,269,219,262,246,268,279,233,166,195,161,127,97,76,75,54,38,22,10,11,5,1,1,1,1,0,3,2,1,1,3,3,0,0,4,0,1,0,2,1,1,0,0,3,1,3,1,0,2,2,1
2,5,0,4,0,2,1,0,1,1,4,2,9,15,15,29,37,72,119,137,150,153,210,224,237,277,252,259,272,263,229,311,287,296,295,311,314,278,117,54,42,19,21,23,14,26,17,24,23,23,32,17,17,25,21,21,15,16,15,15,23,21,36,29,41,38,40,40,58,79,91,116,135,209,209,243,252,229,273,245,287,269,244,253,213,199,181,168,113,102,69,41,37,29,16,9,8,5,3,1,0,0,1,1,3,2,1,1,2,3,3,3,2,0,2,2,1,1,1,1,2,2,2,0,0,2,1,1
4,4,1,0,1,0,1,2,3,4,4,6,7,8,18,30,54,76,120,168,172,204,217,238,257,250,271,265,255,285,321,278,305,263,253,289,337,272,114,49,25,27,29,13,26,18,25,21,22,22,23,25,27,25,30,17,26,29,27,26,37,22,31,36,37,46,50,51,60,95,96,145,216,239,224,229,274,213,253,257,242,197,185,185,199,192,168,124,94,76,60,48,26,18,12,5,7,6,3,1,2,2,0,2,2,2,1,0,2,1,0,3,1,3,2,2,0,2,2,1,2,2,1,1,0,1,1,0
0,1,0,0,2,1,2,3,2,0,2,9,7,12,15,30,66,71,112,158,202,213,273,238,217,273,253,282,302,270,281,287,246,249,283,293,320,218,75,54,28,30,23,15,13,13,19,18,25,19,22,22,16,18,19,25,20,26,26,23,23,31,31,30,36,47,55,69,89,127,143,223,260,266,204,265,241,204,215,203,193,166,128,173,205,202,130,98,90,81,52,21,33,9,11,3,4,0,0,9,2,4,3,1,0,0,1,2,4,3,1,2,1,2,4,1,2,1,1,0,0,0,0,3,3,3,1,2
0,0,2,0,3,0,3,0,6,6,4,10,5,13,29,77,81,98,123,170,213,258,235,252,286,277,285,278,281,289,296,285,241,207,248,286,317,285,91,54,29,27,16,19,25,21,21,18,26,10,23,15,18,19,23,23,17,24,28,30,21,34,28,37,31,40,67,72,103,149,240,267,236,244,195,262,204,220,218,174,202,189,211,192,191,153,111,93,62,61,46,24,15,5,5,3,3,2,0,0,1,0,1,0,2,3,0,1,4,2,0,1,0,2,0,1,1,3,0,3,0,2,4,2,0,4,2,1
1,3,3,0,2,2,1,4,1,4,12,6,14,13,38,99,92,115,143,171,197,226,246,307,276,277,266,291,289,309,295,269,291,225,237,264,301,257,102,53,29,24,13,21,19,15,17,16,12,26,25,19,24,25,25,24,28,15,33,23,21,27,33,43,35,53,66,101,143,147,269,288,185,235,272,238,261,261,243,246,152,186,229,173,153,142,121,71,59,41,30,11,8,2,2,1,2,3,0,2,1,1,1,0,0,2,2,3,1,2,2,0,0,0,3,1,2,3,2,0,3,0,1,1,0,5,0,1
2,1,1,0,3,1,0,1,3,3,6,7,14,14,39,65,150,121,153,216,218,237,275,272,275,274,290,232,288,286,313,245,213,211,218,247,287,290,123,44,34,23,29,26,16,17,15,16,17,20,20,18,23,21,22,31,24,32,31,19,27,27,40,39,46,69,83,153,212,233,268,257,210,248,241,226,243,230,212,200,192,168,194,166,151,123,117,78,53,30,23,5,3,5,1,0,2,1,0,3,0,2,0,1,1,2,1,0,1,2,0,0,4,2,2,1,3,3,3,2,1,2,2,2,0,1,3,1
1,0,1,0,0,2,0,1,5,9,8,18,20,28,29,66,117,150,183,236,226,271,271,270,283,294,256,275,241,280,291,209,269,204,204,249,269,273,201,55,41,24,23,21,14,21,17,30,27,11,28,24,17,17,23,32,29,22,19,31,38,37,36,51,63,98,105,172,238,219,280,231,179,220,220,220,218,245,183,186,192,187,171,161,124,171,136,60,49,32,14,4,3,0,2,0,0,0,6,1,0,5,2,0,2,2,2,3,0,1,2,1,0,2,1,1,1,2,0,2,2,0,1,1,1,2,3,3
0,2,2,3,0,1,1,7,5,4,9,31,48,32,52,76,117,169,218,232,267,265,260,256,271,283,286,277,293,278,269,263,299,244,251,237,232,251,232,85,52,39,18,21,20,13,27,17,23,18,24,26,14,20,24,18,12,33,15,19,25,24,35,61,100,141,181,188,214,263,247,259,213,235,183,208,276,222,247,226,186,215,178,147,129,110,72,57,42,18,5,3,4,2,1,1,2,4,0,1,0,2,1,3,0,2,0,1,1,3,0,0,1,0,1,1,2,2,0,1,1,1,0,1,0,0,0,1
1,0,0,2,0,4,3,2,5,6,8,20,33,36,76,102,142,196,222,248,280,286,275,301,260,274,282,295,296,268,336,314,269,264,287,272,235,223,229,158,61,31,24,31,26,19,9,16,18,15,19,15,22,15,21,28,25,28,29,34,31,31,64,84,133,173,222,218,262,276,269,249,182,150,195,219,280,246,267,207,212,191,174,120,119,94,69,38,18,12,5,4,1,3,1,2,2,3,1,3,2,1,4,3,2,2,2,1,3,4,0,1,0,2,1,4,2,1,1,2,1,0,2,3,2,1,1,3
2,2,0,2,4,2,2,2,3,2,12,17,45,41,72,114,149,219,260,252,241,268,267,289,271,299,309,288,280,274,286,259,227,279,290,277,224,249,275,269,97,54,37,36,26,20,16,19,22,20,18,14,13,14,21,30,23,19,27,32,50,72,89,109,132,203,264,261,267,265,253,214,201,205,266,276,241,247,240,265,202,182,137,132,96,89,54,25,19,5,4,2,2,0,0,1,2,0,1,0,0,0,3,0,1,0,0,1,2,1,2,1,4,1,1,1,1,3,4,0,1,6,0,1,1,1,2,0
2,0,1,1,0,1,1,1,6,7,8,23,33,65,101,142,211,201,218,256,250,244,269,273,299,292,270,277,283,268,231,245,256,255,269,283,259,259,302,264,148,58,47,32,31,26,25,22,27,18,24,18,17,22,16,21,25,32,33,31,57,88,112,126,192,262,292,283,250,205,221,196,232,224,272,267,247,237,231,218,192,150,138,124,77,59,30,24,10,3,4,2,2,3,1,2,0,1,0,0,3,1,1,1,4,0,1,3,0,1,1,4,1,1,1,0,2,0,0,2,0,0,3,0,0,5,3,3
3,1,0,2,3,2,5,4,4,9,15,22,41,82,121,180,206,214,267,237,272,316,254,261,305,284,298,280,295,299,277,297,272,212,286,240,257,299,239,245,250,112,62,38,36,34,25,15,19,17,18,31,19,25,17,28,26,23,43,44,54,95,123,160,250,298,281,209,178,231,240,198,220,240,290,247,262,232,253,189,175,134,130,83,74,43,21,16,5,3,0,3,4,0,0,2,2,1,0,2,0,0,0,1,1,1,1,1,2,0,0,2,1,1,0,3,0,0,1,1,3,2,2,2,1,2,1,1
2,2,3,2,1,0,4,1,6,10,12,31,59,143,157,184,198,230,284,258,284,290,256,259,305,301,276,285,268,311,288,278,219,266,267,242,264,278,242,246,252,249,122,55,34,28,17,23,21,20,22,22,24,29,32,34,27,37,37,56,99,156,142,196,264,275,227,223,220,219,232,238,271,255,278,239,203,223,231,181,190,120,103,64,66,34,17,7,5,4,2,0,2,3,1,1,0,2,2,0,2,4,2,1,0,2,0,1,0,2,1,1,3,5,2,1,2,0,0,0,1,1,3,1,1,2,1,0
3,1,3,4,1,5,3,7,6,9,28,45,76,131,164,186,216,258,263,250,251,260,267,280,290,281,308,281,312,273,263,280,258,279,269,267,216,189,200,199,275,315,249,104,48,36,24,30,27,35,20,19,27,19,37,34,24,56,64,113,134,160,187,226,286,258,233,234,221,235,229,228,298,300,269,240,234,229,227,168,163,120,85,45,39,12,14,2,2,1,3,2,1,1,1,2,2,3,1,1,1,3,2,0,2,2,4,1,3,1,0,0,3,0,0,2,0,1,1,2,0,1,2,0,1,0,2,0
2,1,2,2,2,1,3,6,10,16,31,64,101,154,203,225,239,250,289,286,288,262,286,295,295,298,340,300,251,262,304,319,267,280,294,224,234,257,218,213,212,287,315,221,86,64,30,30,30,42,34,34,30,34,59,40,78,92,145,181,199,249,247,276,258,248,250,266,263,199,218,235,260,258,273,241,249,235,196,140,127,110,51,40,24,12,5,4,0,0,1,5,2,3,1,2,0,1,1,3,1,0,2,2,0,2,0,2,1,0,3,1,1,2,2,4,1,6,1,0,4,0,1,2,4,2,0,3
1,1,2,2,3,3,5,6,14,18,47,87,135,184,224,224,248,255,294,275,279,272,278,283,269,280,283,292,275,327,305,325,287,316,265,280,306,278,225,194,218,229,255,272,231,113,59,48,45,42,44,48,40,42,61,88,165,175,241,226,226,261,261,251,259,228,211,267,211,233,206,218,212,241,265,253,222,210,196,181,112,67,60,26,20,3,4,2,4,1,3,5,2,0,0,2,1,0,2,1,3,0,2,2,1,2,1,4,3,2,1,5,2,1,0,0,2,4,1,2,1,0,1,2,2,4,2,0
1,2,1,1,4,6,6,11,17,41,61,132,194,174,221,265,279,282,304,315,317,314,321,267,307,292,286,299,331,278,267,305,323,282,294,254,239,255,248,247,186,243,287,345,299,181,115,104,88,68,71,82,107,140,177,195,234,200,227,218,209,218,210,240,241,248,223,247,221,168,217,215,242,250,270,228,203,194,174,137,107,52,40,10,5,0,2,2,0,1,2,4,2,5,2,1,1,2,1,2,1,1,2,7,3,1,3,0,2,0,5,1,3,0,2,1,1,1,2,1,2,1,1,0,1,2,2,2
2,1,1,2,3,1,10,21,24,45,78,139,194,210,224,281,277,257,287,292,296,309,279,290,287,251,309,292,323,280,244,277,289,304,272,299,258,281,295,245,199,159,229,287,318,285,287,211,273,226,207,224,234,241,241,214,196,225,273,243,203,223,288,235,213,260,213,215,170,174,214,250,269,274,243,226,207,180,166,142,74,42,18,6,4,5,1,0,1,2,3,1,2,3,2,3,1,2,1,1,2,3,1,3,2,3,4,1,1,4,1,4,0,2,0,2,1,2,0,1,0,2,0,0,4,3,2,0
3,5,1,2,4,7,4,14,60,61,93,144,199,253,267,251,283,260,301,318,296,330,281,308,275,341,327,299,271,331,298,287,302,265,334,293,249,253,278,225,251,212,237,216,285,303,296,256,270,237,245,274,262,293,251,228,200,207,196,177,252,272,239,230,266,261,211,232,178,216,236,256,299,230,245,252,195,167,128,103,60,31,9,6,1,1,2,0,1,3,1,2,2,1,0,2,1,1,2,2,2,4,2,0,5,3,3,0,3,2,1,2,2,3,1,2,3,2,3,1,3,2,0,1,1,1,0,1
1,5,4,1,3,1,4,10,42,75,134,216,233,247,257,265,296,304,320,298,334,303,335,287,310,288,326,299,270,291,293,260,285,258,298,248,271,260,263,211,234,232,240,237,269,261,283,280,209,162,186,247,211,240,231,276,246,272,194,218,262,282,268,270,263,224,199,231,242,258,251,246,258,263,224,226,196,153,96,78,26,19,6,3,7,2,0,3,3,1,3,1,1,1,0,1,2,1,0,2,3,3,2,3,4,2,2,0,5,2,0,1,1,0,1,1,1,0,3,3,1,1,0,1,6,2,2,1
1,3,3,1,5,11,11,32,44,88,154,232,242,240,245,314,278,275,326,325,294,334,287,306,326,300,286,301,226,284,298,285,310,289,273,276,242,209,228,225,278,271,244,254,273,248,253,247,231,210,203,208,240,227,248,245,260,250,198,212,236,293,259,254,276,178,211,219,246,241,275,244,242,221,202,210,173,112,74,37,25,8,3,0,3,1,1,0,3,1,1,3,0,2,1,3,2,2,1,1,1,2,1,1,1,0,3,3,3,2,2,3,2,3,1,2,0,1,0,6,1,4,2,2,3,2,2,0
1,3,2,3,5,15,19,36,60,162,192,251,239,249,246,294,280,285,319,340,322,310,310,337,336,304,302,310,309,279,267,258,338,323,349,309,273,255,262,295,269,302,278,305,277,267,323,245,197,204,202,222,269,257,310,314,242,216,253,265,259,322,217,190,228,220,240,256,263,240,235,221,239,237,222,170,137,103,42,39,13,3,2,3,2,1,0,3,0,0,3,2,2,0,4,2,0,2,3,1,2,0,1,2,2,0,0,0,3,2,0,1,2,2,1,0,2,1,2,1,1,2,2,2,1,1,2,1
1,2,1,4,6,8,32,43,86,172,235,232,258,274,272,299,322,339,315,292,314,342,318,319,303,316,300,297,299,269,276,301,286,293,285,309,325,293,280,270,303,273,265,283,279,261,277,212,207,207,211,193,219,272,297,289,246,264,257,253,293,287,182,173,178,188,270,220,209,244,247,232,223,216,190,156,101,64,61,11,7,2,2,1,1,3,0,5,2,0,2,0,1,1,0,2,2,2,1,2,1,4,3,1,0,1,3,2,3,1,1,1,1,2,2,1,1,0,2,3,1,0,2,3,0,0,0,1
0,3,2,5,9,16,46,55,113,198,230,254,270,265,262,313,331,324,315,293,345,289,347,329,324,296,273,275,291,277,301,295,336,314,341,319,304,274,279,293,300,265,275,285,289,279,217,172,192,233,231,203,209,211,241,230,248,270,257,219,269,247,189,160,147,225,242,248,186,212,224,223,218,193,163,143,65,65,25,11,4,2,0,3,1,1,3,2,4,2,4,1,0,1,2,1,0,2,2,1,2,1,1,0,4,1,1,0,1,5,1,3,0,5,4,0,2,1,3,4,1,2,3,0,0,0,2,1
6,6,5,8,9,24,34,87,121,218,233,233,283,269,279,328,300,308,324,317,290,325,319,332,305,327,299,290,302,312,322,315,283,332,316,309,286,329,312,319,313,278,289,282,256,260,255,184,192,251,258,261,224,236,196,184,212,251,259,268,250,232,220,194,244,256,228,231,258,222,249,234,218,207,147,109,81,27,18,5,1,3,3,1,3,0,2,1,1,2,1,2,4,0,0,2,1,0,6,3,1,3,3,0,1,6,3,0,0,1,2,3,0,0,3,1,1,2,2,1,1,5,4,2,2,2,1,2
9,13,8,6,18,62,66,96,157,243,236,240,261,268,320,289,322,305,313,301,313,318,316,318,304,303,296,310,308,313,304,314,314,305,313,313,314,312,311,313,299,288,330,271,288,304,290,245,239,263,233,271,258,261,281,228,239,238,232,242,225,261,191,232,235,267,265,273,226,213,255,214,205,157,136,89,52,15,4,6,1,0,0,2,2,5,4,1,2,2,2,3,0,4,2,3,2,1,0,1,4,3,3,1,0,2,2,2,1,3,1,2,4,1,0,3,2,2,2,0,5,0,1,2,1,1,0,2
24,16,12,11,29,52,104,88,139,223,193,231,297,279,306,294,299,308,302,322,320,314,298,326,337,319,296,309,310,317,296,297,288,307,313,283,300,294,314,281,297,308,291,251,239,267,315,278,300,257,268,257,229,281,296,266,210,263,249,242,223,236,214,192,227,269,245,242,226,250,247,221,171,127,90,49,27,13,6,1,2,4,1,4,2,1,2,2,1,2,3,0,0,0,4,2,1,3,0,3,1,0,3,2,1,0,2,0,2,1,0,0,0,4,0,4,0,3,2,1,2,0,1,4,2,1,1,2
24,36,19,37,61,56,77,63,99,130,188,226,254,307,302,287,319,325,299,316,334,318,304,300,298,309,317,326,272,343,294,296,286,317,294,294,317,298,325,285,299,273,276,265,219,273,267,258,305,270,253,210,264,294,284,263,277,194,254,243,265,280,219,163,231,308,280,258,235,237,224,193,178,104,65,36,17,3,2,1,0,0,1,2,3,1,2,4,3,3,3,0,1,0,4,1,3,1,3,0,1,5,1,1,2,0,0,2,2,0,2,1,0,1,0,1,1,3,2,0,1,0,1,2,1,1,1,0
22,28,41,53,56,54,51,39,74,118,120,133,189,183,239,251,274,289,300,335,302,310,315,324,323,290,287,313,303,308,316,317,319,318,308,305,291,303,282,308,293,307,303,267,245,237,308,256,251,230,274,201,266,283,302,321,281,197,266,245,219,220,231,218,238,235,245,226,259,263,211,189,150,100,61,16,10,1,0,3,2,2,3,1,3,1,1,1,3,1,2,1,3,2,1,0,2,3,3,2,1,1,2,1,2,1,1,6,3,2,2,0,1,0,0,0,2,1,2,3,2,1,3,0,1,3,2,1
27,26,39,58,40,40,36,27,43,75,82,109,101,120,148,104,120,174,253,229,206,201,226,247,294,307,303,307,297,313,320,329,307,309,310,301,303,308,305,290,291,286,301,266,248,228,282,249,260,270,266,188,265,284,283,292,291,266,236,185,198,218,251,240,232,283,260,258,273,251,213,173,114,75,27,19,6,3,1,4,1,2,3,4,3,0,4,4,2,0,0,1,1,4,2,0,0,3,2,0,2,1,0,1,1,3,0,1,1,0,2,1,3,2,3,2,0,2,2,4,1,0,0,2,1,1,1,2
12,41,63,39,44,46,34,29,40,34,49,59,82,79,49,34,47,59,44,58,55,70,63,82,103,153,201,276,282,297,305,324,309,329,337,301,303,301,277,279,291,305,279,257,231,287,305,311,289,237,254,229,323,296,279,295,259,235,237,234,263,273,283,241,226,254,268,247,250,245,197,113,101,58,29,10,2,1,1,3,3,1,1,1,2,0,0,2,0,2,0,1,4,1,5,2,1,1,0,0,0,0,1,0,6,3,2,4,1,1,2,3,5,0,1,3,2,1,2,3,2,2,4,1,3,2,0,3
29,50,54,52,26,23,30,21,24,29,36,38,29,32,15,18,20,30,36,28,26,27,24,30,36,47,70,104,166,198,255,300,274,287,301,279,277,313,298,288,270,301,293,287,222,269,273,298,264,257,257,246,254,281,286,276,246,277,297,276,283,299,272,256,263,253,266,270,220,211,164,89,73,43,10,3,2,3,0,3,2,1,1,1,0,2,2,1,0,1,2,2,0,1,1,1,2,1,1,1,3,2,2,4,1,1,2,1,4,1,3,1,1,2,4,5,3,2,1,3,2,2,2,1,1,0,1,2
80,69,32,35,24,30,16,22,21,34,22,14,17,14,19,9,14,22,19,23,14,10,11,13,20,25,36,27,61,65,122,206,269,324,287,301,297,300,283,303,286,275,294,295,281,215,268,270,331,308,261,261,280,275,287,301,287,275,277,286,259,280,275,281,261,263,241,221,232,176,154,75,45,25,4,3,2,1,5,2,3,1,3,0,1,1,0,3,2,1,1,1,4,2,2,0,2,1,2,1,3,1,3,2,2,4,6,2,3,2,2,1,1,4,0,1,0,3,2,2,3,1,0,1,0,0,1,3
61,55,33,26,30,14,16,17,15,29,18,13,11,11,14,14,15,14,12,13,12,6,10,11,12,18,15,24,28,25,31,64,120,239,254,277,264,281,279,317,295,268,264,279,290,270,277,295,309,284,283,256,296,280,261,267,286,245,244,301,282,259,283,266,264,238,263,245,215,164,109,49,21,12,5,0,0,1,5,4,2,0,2,1,2,2,1,0,1,1,1,2,0,1,1,0,0,0,2,3,1,1,1,2,2,3,2,0,0,1,2,1,0,1,1,1,0,2,0,1,0,1,2,1,2,2,1,1
39,40,28,32,16,14,10,13,9,15,12,14,10,12,9,8,4,3,3,6,5,6,9,8,7,12,8,9,10,10,15,26,53,51,136,210,262,290,280,307,282,304,270,293,280,294,279,272,291,302,288,290,253,259,269,279,248,263,253,272,277,261,228,268,251,222,247,208,198,136,84,51,21,6,2,3,2,1,6,1,2,2,3,2,2,1,0,3,1,3,1,2,1,1,4,2,1,3,2,0,2,0,3,2,1,3,1,1,0,3,0,2,0,0,1,3,1,1,1,2,3,2,1,2,1,0,0,2
30,31,30,24,22,25,20,17,11,7,6,9,10,10,8,5,10,5,6,8,6,2,3,8,12,15,7,5,9,6,14,6,14,27,54,84,113,140,225,292,290,291,271,303,288,299,263,296,266,305,273,269,247,271,275,268,281,284,200,266,272,249,269,273,288,242,244,209,172,98,72,26,8,3,0,2,2,3,2,0,3,5,1,2,2,0,2,0,1,2,1,3,1,1,0,2,0,2,2,1,0,3,2,1,3,2,1,0,0,1,0,2,0,2,2,2,1,1,0,0,1,1,2,1,3,1,2,1
19,33,31,21,22,24,30,11,7,13,10,7,6,4,4,9,7,5,7,3,4,4,6,5,5,7,8,8,5,5,5,7,19,17,20,31,42,56,99,187,239,326,255,271,274,318,295,294,281,279,264,268,291,284,257,276,283,291,225,255,302,277,258,277,233,228,204,202,134,85,44,24,8,2,2,0,0,4,2,0,5,1,2,3,5,1,4,1,2,0,2,3,1,1,2,1,2,2,1,1,3,2,1,1,1,1,0,3,2,3,1,0,1,7,3,0,0,0,1,2,0,1,1,1,1,0,0,1
17,19,18,25,22,17,13,4,15,6,4,5,2,4,5,4,5,3,5,4,4,4,6,10,2,8,6,6,8,5,9,11,12,11,13,18,14,20,50,51,127,228,276,298,307,268,270,298,284,276,272,261,293,282,297,276,281,259,271,311,282,280,238,231,247,207,185,151,102,48,29,10,6,2,3,2,2,1,0,1,3,2,1,2,1,3,1,1,3,4,3,1,2,2,1,0,1,3,0,1,2,0,1,1,2,0,3,0,1,1,1,0,4,1,0,0,1,1,4,1,2,3,3,2,1,1,2,1
24,19,17,18,24,14,9,10,9,10,8,9,9,6,5,4,4,5,7,4,6,7,6,4,8,7,5,8,3,2,2,3,4,8,10,11,18,11,15,39,42,109,193,307,282,261,270,284,302,278,278,285,262,286,281,276,299,298,261,254,219,248,292,250,256,224,212,139,89,30,19,11,1,4,2,1,3,0,1,1,1,0,1,2,1,3,1,0,1,0,1,2,1,1,1,1,1,0,0,1,1,2,1,1,2,3,2,0,2,0,5,1,5,0,2,1,3,3,4,0,0,2,3,1,0,2,0,1
22,21,19,15,14,10,10,9,8,7,5,12,5,6,7,4,9,10,8,3,7,5,3,4,7,6,4,6,5,4,3,3,7,5,3,3,8,9,8,13,20,34,74,190,290,271,279,316,284,267,225,277,257,261,263,261,276,283,269,236,236,219,265,225,203,201,143,121,67,29,7,6,1,1,2,0,2,4,1,0,1,1,1,2,0,0,0,0,0,1,3,2,1,1,1,2,0,0,1,4,4,0,1,2,1,2,1,1,2,0,1,1,0,2,1,2,4,1,0,1,3,3,3,2,2,2,1,1
23,16,11,15,16,11,9,11,3,13,3,4,6,2,3,2,5,6,6,2,5,4,1,3,3,3,10,5,3,3,4,6,5,6,4,8,6,6,5,15,11,24,25,66,199,316,280,262,284,259,325,265,272,271,273,276,262,266,274,259,260,236,221,233,224,168,163,93,51,13,1,4,2,1,1,1,1,1,0,2,1,1,4,1,2,5,2,0,3,1,1,1,2,0,2,2,1,1,3,3,2,2,4,1,1,1,2,2,1,0,0,0,0,2,0,1,1,0,0,1,1,0,1,2,0,0,3,0
21,10,22,15,7,11,8,2,11,6,5,4,4,5,3,7,10,6,6,2,6,4,3,6,1,8,6,5,4,7,2,3,2,5,10,6,4,2,4,8,7,9,13,33,84,235,292,306,294,276,276,269,301,282,254,273,260,264,300,267,294,245,259,217,220,152,148,87,37,6,2,4,3,0,6,2,1,1,0,3,1,0,0,0,1,0,2,1,0,3,1,2,1,0,2,2,5,0,0,4,2,1,2,1,0,3,0,0,2,0,1,1,1,1,1,4,0,2,2,1,1,2,1,0,1,0,0,0
14,13,17,12,11,10,8,12,5,5,1,2,3,2,5,7,5,6,6,3,0,8,9,2,3,3,6,2,2,2,3,5,5,5,5,4,8,2,3,11,10,12,17,23,25,95,219,285,286,278,246,302,246,286,275,264,238,280,273,268,247,206,223,201,171,146,106,46,12,2,9,3,2,1,0,1,1,0,0,2,2,0,0,5,1,5,3,1,1,1,0,1,2,2,3,2,4,0,1,3,1,0,2,4,2,0,1,1,0,0,0,1,6,0,1,1,1,0,0,2,0,1,1,1,0,2,1,1
16,15,15,12,3,8,9,11,5,3,7,10,10,15,8,2,8,6,5,4,3,11,22,6,2,2,2,2,5,3,4,5,5,2,3,1,5,4,2,6,7,7,7,17,23,39,127,258,283,282,301,263,252,285,238,258,256,252,281,277,247,235,202,181,142,115,50,12,6,5,3,5,2,2,1,0,1,1,2,1,3,0,1,1,3,2,0,1,1,1,2,1,2,2,1,0,1,2,1,2,3,0,1,1,2,1,1,0,0,2,1,0,0,1,0,2,2,1,0,1,4,2,0,1,0,2,1,3
12,10,8,8,14,3,7,8,5,8,6,4,10,11,7,2,7,4,5,11,5,16,23,9,4,1,4,7,6,7,1,5,7,3,5,4,2,7,0,2,5,6,9,14,10,25,44,160,289,293,280,286,259,241,224,230,260,247,244,250,249,227,167,144,108,66,25,6,7,3,2,1,2,6,3,1,2,3,1,1,1,0,1,1,2,2,1,2,0,3,3,2,2,1,3,0,0,0,2,1,1,0,0,2,4,2,3,0,0,2,1,0,0,2,1,2,1,0,1,3,4,1,2,2,0,2,2,2
9,7,6,9,8,1,4,7,14,7,11,3,1,3,3,3,4,3,6,4,3,5,4,4,5,3,3,2,6,1,5,7,6,6,3,7,3,1,2,3,7,5,12,10,13,8,26,74,266,291,253,288,237,254,259,241,239,254,262,225,280,214,160,156,93,56,15,5,2,2,3,1,4,0,1,0,2,0,0,0,0,2,0,1,2,1,2,4,2,1,0,0,3,0,2,1,2,2,2,1,2,2,1,2,3,1,0,1,1,1,4,0,4,0,0,1,2,3,3,1,1,2,2,0,0,1,0,0
10,11,6,7,7,6,8,9,12,8,7,11,5,3,4,9,7,6,1,8,4,5,6,1,4,4,3,2,4,6,4,1,4,6,8,3,6,2,8,3,4,2,6,3,7,13,11,37,162,275,269,234,283,254,264,241,237,280,235,255,229,217,176,125,75,28,4,2,0,1,2,1,1,0,3,3,1,4,0,1,2,1,4,2,3,2,0,1,1,0,1,0,2,2,1,3,1,4,4,1,1,2,2,1,3,2,1,0,1,1,0,1,1,0,0,0,1,0,2,1,0,1,0,0,2,3,1,2
11,5,3,4,8,8,8,3,7,6,5,6,5,8,7,5,4,6,6,1,2,2,4,2,2,2,8,5,4,5,3,7,3,6,3,4,4,2,3,3,1,7,6,7,6,11,8,14,69,237,279,250,239,271,237,259,262,276,236,230,194,170,174,96,48,12,3,3,2,0,3,4,0,1,0,2,0,1,0,2,0,0,2,1,0,1,0,0,1,1,1,0,1,4,0,1,3,1,1,1,1,0,2,2,1,2,2,2,1,5,2,1,3,0,0,3,2,3,1,0,5,1,5,1,0,3,1,0
8,8,6,4,12,10,18,15,2,6,6,12,5,5,5,6,2,6,1,4,3,1,5,3,2,4,6,5,5,6,4,2,3,1,5,12,3,5,6,6,4,7,4,8,9,10,10,17,40,190,254,254,252,216,225,267,269,283,242,224,194,131,146,84,32,11,2,2,1,4,3,0,0,0,1,2,2,1,1,2,4,2,4,1,3,2,2,1,2,1,1,2,1,1,2,0,1,1,1,0,2,0,1,2,2,2,1,0,1,1,0,3,1,1,1,4,3,2,1,1,3,1,1,1,1,3,2,0
9,17,6,12,5,13,8,6,3,4,6,3,3,4,3,4,3,4,2,4,5,5,5,1,0,1,3,4,5,3,4,7,3,6,2,4,5,4,2,2,5,6,8,4,8,7,8,10,27,100,242,224,218,220,249,272,250,235,242,236,176,160,125,77,15,3,2,1,1,0,0,0,3,1,1,4,0,2,0,3,2,0,0,0,0,0,2,0,0,1,4,4,0,2,1,1,1,1,2,1,3,0,1,2,3,1,1,4,0,1,0,0,0,2,0,2,0,1,1,5,3,0,2,0,2,4,0,2
